<?xml version="1.0" encoding="utf-8"?>
<ContentType name="ProjectWorkspaceFolder" parentType="Folder" handler="SenseNet.ContentRepository.Folder" xmlns="http://schemas.sensenet.com/SenseNet/ContentRepository/ContentTypeDefinition">
  <DisplayName>$Ctd-ProjectWorkspaceFolder,DisplayName</DisplayName>
  <Description>$Ctd-ProjectWorkspaceFolder,Description</Description>
  <Icon>Folder</Icon>
  <AllowedChildTypes>ProjectWorkspace,ProjectWorkspaceFolder</AllowedChildTypes>
  <Fields />
</ContentType>