<Package type='Install'>
  <Id>SenseNet.OAuth.Google</Id>
  <Description>sensenet Google OAuth Provider</Description>
  <ReleaseDate>2018-10-05</ReleaseDate>
  <Version>1.1.0</Version>
  <Dependencies>
    <Dependency id='SenseNet.Services' minVersion='7.4.0' />
  </Dependencies>
  <Steps>
    <Phase>
      <StartRepository startWorkflowEngine="false" />

      <IfFieldExists contentType="User" field="GoogleUserId">
        <Then>
          <Trace>User content type already has a field named GoogleUserId.</Trace>
        </Then>
        <Else>
          <AddField contentType="User">
            <FieldXml>
              <Field name="GoogleUserId" type="ShortText" />
            </FieldXml>
          </AddField>
        </Else>
      </IfFieldExists>
      
    </Phase>
  </Steps>
</Package>