﻿<?xml version="1.0" encoding="utf-8"?>
<Resources>
  <ResourceClass name="Ctd-MailProcessorWorkflow">
    <Languages>
      <Language cultureName="en">
        <data name="DisplayName" xml:space="preserve">
          <value>Mail Processor Workflow</value>
        </data>
        <data name="Description" xml:space="preserve">
          <value></value>
        </data>
      </Language>
      <Language cultureName="hu">
        <data name="DisplayName" xml:space="preserve">
          <value>Levélfeldolgozó munkafolyamat</value>
        </data>
        <data name="Description" xml:space="preserve">
          <value></value>
        </data>
      </Language>
    </Languages>
  </ResourceClass>
</Resources>
