﻿<?xml version="1.0" encoding="utf-8"?>
<ContentType name="ConfirmationItem" parentType="ListItem" handler="SenseNet.ContentRepository.GenericContent" xmlns="http://schemas.sensenet.com/SenseNet/ContentRepository/ContentTypeDefinition">
  <DisplayName>$Ctd-ConfirmationItem,DisplayName</DisplayName>
  <Description>$Ctd-ConfirmationItem,Description</Description>
  <Icon>FormItem</Icon>
  <Fields>
    <Field name="Name" type="ShortText">
      <Configuration>
        <VisibleBrowse>Advanced</VisibleBrowse>
        <VisibleEdit>Advanced</VisibleEdit>
        <VisibleNew>Advanced</VisibleNew>
      </Configuration>
    </Field>
    <Field name="Confirmed" type="Boolean">
      <DisplayName>$Ctd-ConfirmationItem,Confirmed-DisplayName</DisplayName>
      <Description>$Ctd-ConfirmationItem,Confirmed-Description</Description>
      <Configuration>
        <Default>false</Default>
      </Configuration>
    </Field>
  </Fields>
</ContentType>