<Package type='Install'>
  <Id>SenseNet.Workflow</Id>
  <Description>sensenet Workflow</Description>
  <ReleaseDate>2019-02-14</ReleaseDate>
  <Version>7.2.1.1</Version>
  <Dependencies>
    <Dependency id='SenseNet.Services' minVersion='7.5.1.4' />
  </Dependencies>
  <Parameters>
    <Parameter name="@userName" description="Username to access the server while installing."></Parameter>
    <Parameter name="@password" description="Password to access the server while installing."></Parameter>
  </Parameters>
  <Steps>
    <Phase>
      <ExecuteDatabaseScript UserName="@userName" Password="@password" Query="scripts\SqlWorkflowInstanceStoreSchema.sql" />
      <ExecuteDatabaseScript UserName="@userName" Password="@password" Query="scripts\SqlWorkflowInstanceStoreLogic.sql" />

      <StartRepository startWorkflowEngine="false" />
      <Import target="/Root" LogLevel="Verbose" source="import" />
      
      <IfComponentExists>
        <Components>
          <Component id="SenseNet.WebPages" minVersion="7.0.0" />
        </Components>
        <Then>
          <Trace>WebPages component found, importing views and pages...</Trace>
          <Import target="/Root" LogLevel="Verbose" source="import-pages" />

          <IfContentExists path="/Root/Sites/Default_Site">
            <Then>
              <EditAllowedChildTypes path="/Root/Sites/Default_Site">Article</EditAllowedChildTypes>
              <Trace>Importing views and pages under default site...</Trace>
              <Import target="/Root" LogLevel="Verbose" source="import-pages-site" />
            </Then>
          </IfContentExists>

          <IfComponentExists>
            <Components>
              <Component id="SenseNet.Workspaces" minVersion="7.0.0" />
            </Components>
            <Then>
              <Trace>Importing workspace-related pages and views...</Trace>
              <Import target="/Root" LogLevel="Verbose" source="import-workspaces-pages" />
            </Then>
            <Else>
              <Trace>Workspaces component not found, workspace-related views and pages are not imported.</Trace>
            </Else>
          </IfComponentExists>

        </Then>
        <Else>
          <Trace>WebPages component not found, views and pages are not imported.</Trace>
        </Else>
      </IfComponentExists>
      
    </Phase>
  </Steps>
</Package>