<ContentType name="Link" parentType="ListItem" handler="SenseNet.ContentRepository.GenericContent" xmlns="http://schemas.sensenet.com/SenseNet/ContentRepository/ContentTypeDefinition">
  <DisplayName>$Ctd-Link,DisplayName</DisplayName>
  <Description>$Ctd-Link,Description</Description>
  <Icon>link</Icon>
  <AllowIncrementalNaming>true</AllowIncrementalNaming>
  <Fields>
    <Field name="Name" type="ShortText">
      <Configuration>
        <VisibleBrowse>Hide</VisibleBrowse>
        <VisibleEdit>Hide</VisibleEdit>
        <VisibleNew>Hide</VisibleNew>
      </Configuration>
    </Field>
    <Field name="DisplayName" type="ShortText">
      <DisplayName>$Ctd-Link,DisplayName-DisplayName</DisplayName>
      <Description>$Ctd-Link,DisplayName-Description</Description>
      <Configuration>
        <DefaultValue></DefaultValue>
      </Configuration>
    </Field>
    <Field name="Url" type="ShortText">
      <DisplayName>$Ctd-Link,Url-DisplayName</DisplayName>
      <Description>$Ctd-Link,Url-Description</Description>
      <Configuration>
        <Regex>^(http|https)\://([a-zA-Z0-9\.\-]+(\:[a-zA-Z0-9\.&amp;%\$\-]+)*@)*((25[0-5]|2[0-4][0-9]|[0-1]{1}[0-9]{2}|[1-9]{1}[0-9]{1}|[1-9])\.(25[0-5]|2[0-4][0-9]|[0-1]{1}[0-9]{2}|[1-9]{1}[0-9]{1}|[1-9]|0)\.(25[0-5]|2[0-4][0-9]|[0-1]{1}[0-9]{2}|[1-9]{1}[0-9]{1}|[1-9]|0)\.(25[0-5]|2[0-4][0-9]|[0-1]{1}[0-9]{2}|[1-9]{1}[0-9]{1}|[0-9])|localhost|([a-zA-Z0-9\-]+\.)*[a-zA-Z0-9\-]+(\.(com|edu|gov|int|mil|net|org|biz|arpa|info|name|pro|aero|coop|museum|hu|[a-zA-Z]{2})){0,1})(\:[0-9]+)*((\#|/)($|[a-zA-Z0-9\.\,\?\'\\\+&amp;%\$#\=~_\-]+))*$</Regex>
        <DefaultValue>http://</DefaultValue>
      </Configuration>
    </Field>
    <Field name="Description" type="LongText">
      <DisplayName>$Ctd-Link,Description-DisplayName</DisplayName>
      <Description>$Ctd-Link,Description-Description</Description>
      <Indexing>
        <Analyzer>Standard</Analyzer>
      </Indexing>
      <Configuration>
        <ControlHint>sn:RichText</ControlHint>
      </Configuration>
    </Field>
    <Field name="Version" type="Version">
      <Configuration>
        <VisibleBrowse>Hide</VisibleBrowse>
        <VisibleEdit>Hide</VisibleEdit>
        <VisibleNew>Hide</VisibleNew>
      </Configuration>
    </Field>
    <Field name="Index" type="Integer">
      <Configuration>
        <VisibleBrowse>Hide</VisibleBrowse>
        <VisibleEdit>Hide</VisibleEdit>
        <VisibleNew>Hide</VisibleNew>
      </Configuration>
    </Field>
    <Field name="Locked" type="Boolean">
      <Configuration>
        <VisibleBrowse>Hide</VisibleBrowse>
        <VisibleEdit>Hide</VisibleEdit>
        <VisibleNew>Hide</VisibleNew>
      </Configuration>
    </Field>
    <Field name="ModifiedBy" type="Reference">
      <Configuration>
        <VisibleBrowse>Hide</VisibleBrowse>
        <VisibleEdit>Hide</VisibleEdit>
        <VisibleNew>Hide</VisibleNew>
      </Configuration>
    </Field>
    <Field name="ModificationDate" type="DateTime">
      <Configuration>
        <VisibleBrowse>Hide</VisibleBrowse>
        <VisibleEdit>Hide</VisibleEdit>
        <VisibleNew>Hide</VisibleNew>
      </Configuration>
    </Field>
  </Fields>
</ContentType>