﻿<?xml version="1.0" encoding="utf-8"?>
<?xml-stylesheet type="text/xsl" href="view.xslt"?>
<Resources>
  <ResourceClass name="Ctd-EventList">
    <Languages>
      <Language cultureName="en">
        <data name="DisplayName" xml:space="preserve">
          <value>Event List</value>
        </data>
        <data name="Description" xml:space="preserve">
          <value>A special List type to store schedule Events.</value>
        </data>
        <data name="DisplayName-DisplayName" xml:space="preserve">
          <value>Calendar name</value>
        </data>
        <data name="RegistrationFolder-DisplayName" xml:space="preserve">
          <value>Registration folder</value>
        </data>
      </Language>
      <Language cultureName="hu">
        <data name="DisplayName" xml:space="preserve">
          <value>Eseménylista</value>
        </data>
        <data name="Description" xml:space="preserve">
          <value>Speciális lista események tárolására.</value>
        </data>
        <data name="DisplayName-DisplayName" xml:space="preserve">
          <value>Eseménylista neve</value>
        </data>
        <data name="RegistrationFolder-DisplayName" xml:space="preserve">
          <value>Regisztrációs mappa</value>
        </data>
      </Language>
    </Languages>
  </ResourceClass>
</Resources>
