﻿<?xml version="1.0" encoding="utf-8"?>
<!-- $Error_[ASSEMBLY]:[CLASS]_[KEY] -->
<Resources>
  <ResourceClass name="Error_Storage">
    <Languages>
      <Language cultureName="en">
        <data name="VersionNumber_InvalidVersionFormat" xml:space="preserve">
          <value>Invalid version format. Valid format is: "V[Major].[Minor]". For example: V2.8, or V12.555 etc.</value>
        </data>
        <data name="VersionNumber_InvalidVersionStatus" xml:space="preserve">
          <value>Invalid version status: '{0}'. Valid values are: P, D, L, A or R.</value>
        </data>
        <data name="Preview_BinaryAccess_2" xml:space="preserve">
          <value>Binary fields are inaccessible for users with See and Preview permissions only. Content: {0}, field: {1}</value>
        </data>
        <data name="AccessToNotFinalizedBinary_2" xml:space="preserve">
          <value>Cannot serve a binary field during uploading any stream. Content: {0}, field: {1}</value>
        </data>
        <data name="CopyFailed_SouceDoesNotExistWithPath_1" xml:space="preserve">
          <value>Copy failed: source content does not exist with path {0}.</value>
        </data>
        <data name="CopyFailed_TargetDoesNotExistWithPath_1" xml:space="preserve">
          <value>Copy failed: target content does not exist with path {0}.</value>
        </data>
        <data name="MoveFailed_SouceDoesNotExistWithPath_1" xml:space="preserve">
          <value>Move failed: source content does not exist with path {0}.</value>
        </data>
        <data name="MoveFailed_TargetDoesNotExistWithPath_1" xml:space="preserve">
          <value>Move failed: target content does not exist with path {0}.</value>
        </data>
        <data name="DeleteFailed_ContentDoesNotExistWithPath_1" xml:space="preserve">
          <value>Delete failed: content does not exist with path {0}.</value>
        </data>
        <data name="DeleteFailed_ContentDoesNotExistWithId_1" xml:space="preserve">
          <value>Delete failed: content does not exist with id {0}.</value>
        </data>
        <data name="PathTooLong_1" xml:space="preserve">
          <value>Cannot save the content, because the {0} path is too long.</value>
        </data>
      </Language>
      <Language cultureName="hu">
        <data name="VersionNumber_InvalidVersionFormat" xml:space="preserve">
          <value>Helytelen verzió formátum. A helyes formátum: "V[Major].[Minor]". Pl: V2.8, vagy V12.555 stb.</value>
        </data>
        <data name="VersionNumber_InvalidVersionStatus" xml:space="preserve">
          <value>Helytelen verzió státusz: '{0}'. A lehetséges értékek: P, D, L, A or R.</value>
        </data>
        <data name="Preview_BinaryAccess_2" xml:space="preserve">
          <value>A bináris mezők nem hozzáférhetőek olyan felhasználók számára, akiknek csak See és Preview joguk van. Content: {0}, field: {1}</value>
        </data>
        <data name="AccessToNotFinalizedBinary_2" xml:space="preserve">
          <value>A bináris mezők tartalma nem hozzáférhető, amíg azok bármelyike feltöltés alatt van. Content: {0}, field: {1}</value>
        </data>
        <data name="CopyFailed_SouceDoesNotExistWithPath_1" xml:space="preserve">
          <value>Másolás hiba: nem létező tartalom ({0}).</value>
        </data>
        <data name="CopyFailed_TargetDoesNotExistWithPath_1" xml:space="preserve">
          <value>Másolás hiba: nem létező cél mappa ({0}).</value>
        </data>
        <data name="MoveFailed_SouceDoesNotExistWithPath_1" xml:space="preserve">
          <value>Mozgatás hiba: nem létező tartalom ({0}).</value>
        </data>
        <data name="MoveFailed_TargetDoesNotExistWithPath_1" xml:space="preserve">
          <value>Mozgatás hiba: nem létező cél mappa ({0}).</value>
        </data>
        <data name="DeleteFailed_ContentDoesNotExistWithPath_1" xml:space="preserve">
          <value>Törlés hiba: nem létező tartalom ({0}).</value>
        </data>
        <data name="DeleteFailed_ContentDoesNotExistWithId_1" xml:space="preserve">
          <value>Törlés hiba: nem létező tartalom (id: {0}).</value>
        </data>
        <data name="PathTooLong_1" xml:space="preserve">
          <value>A tartalmat nem lehet elmenteni, mert a {0} útvonal túl hosszú.</value>
        </data>
      </Language>
    </Languages>
  </ResourceClass>
  <ResourceClass name="Error_ContentRepository">
    <Languages>
      <Language cultureName="en">
        <data name="Settings_ForbiddenPath_2" xml:space="preserve">
          <value>Invalid settings path. Settings can be placed only into a '...{0}' local folder or the '{1}' folder, or created as a content template.</value>
        </data>
        <data name="Settings_NameExists_1" xml:space="preserve">
          <value>Invalid settings name. Another settings content with the same name already exists.</value>
        </data>
        <data name="Settings_GlobalOnly_1" xml:space="preserve">
          <value>{0} is a global-only setting, you cannot create a local one with the same name.</value>
        </data>
        <data name="Settings_ForbiddenExtension" xml:space="preserve">
          <value>Invalid settings name. All settings content should have a 'settings' extension.</value>
        </data>
        <data name="Settings_InvalidEnumValue_2" xml:space="preserve">
          <value>'{0}' is an invalid enum value for the type {1}.</value>
        </data>
        <data name="ContentList_EmailIsTaken" xml:space="preserve">
          <value>Cannot save the content list because this e-mail is already used in another content list.</value>
        </data>
        <data name="InvalidContentAction_NotSpecified" xml:space="preserve">
          <value>Invalid content action.</value>
        </data>
        <data name="InvalidContentAction_UnknownAction" xml:space="preserve">
          <value>Unknown action.</value>
        </data>
        <data name="InvalidContentAction_InvalidStateAction" xml:space="preserve">
          <value>Currently this action is not allowed on this content.</value>
        </data>
        <data name="InvalidContentAction_UndoSingleVersion" xml:space="preserve">
          <value>The content has a single locked version that cannot be removed. You can delete or check in the content.</value>
        </data>
        <data name="InvalidContentAction_CheckedOutToSomeoneElse" xml:space="preserve">
          <value>The content is checked out by someone else.</value>
        </data>
        <data name="InvalidContentAction_NotEnoughPermissions" xml:space="preserve">
          <value>Not enough permissions or the content is not in the correct state to perform this action.</value>
        </data>
        <data name="InvalidContentAction_MultistepSaveInProgress" xml:space="preserve">
          <value>Cannot modify the content because a multistep save is in progress.</value>
        </data>
        <data name="CalendarEvent_InvalidStartEndDate" xml:space="preserve">
          <value>Please choose an end date that occurs after the start date.</value>
        </data>
        <data name="File_ForbiddenExecutable_2" xml:space="preserve">
          <value>{1} must be an Executable File instead of {0}.</value>
        </data>
        <data name="File_ForbiddenExecutable" xml:space="preserve">
          <value>You cannot create Executable Files.</value>
        </data>
        <data name="User_NonUnique" xml:space="preserve">
          <value>There is already a user or group under the domain '{0}' with the name '{1}' or login name '{2}'.</value>
        </data>
        <data name="Survey_OnlySingleResponse_1" xml:space="preserve">
          <value>{0} has already filled this form.</value>
        </data>
      </Language>
      <Language cultureName="hu">
        <data name="Settings_ForbiddenPath_2" xml:space="preserve">
          <value>Hibás beállítás útvonal. A beállítás tartalmak csak '...{0}' lokális hely alá, vagy a '{1}' mappába menthetőek (vagy tartalom sablonként).</value>
        </data>
        <data name="Settings_NameExists_1" xml:space="preserve">
          <value>Hibás beállítás név: ilyen nevű beállítás tartalom már létezik.</value>
        </data>
        <data name="Settings_GlobalOnly_1" xml:space="preserve">
          <value>{0} csak globális beállítás lehet, nem hozhat létre lokális beállítást ezzel a névvel.</value>
        </data>
        <data name="Settings_ForbiddenExtension" xml:space="preserve">
          <value>Hibás beállítás név: a beállítás tartalmaknak 'settings' kiterjesztéssel kell rendelkezniük.</value>
        </data>
        <data name="Settings_InvalidEnumValue_2" xml:space="preserve">
          <value>A(z) '{0}' érték nincs a(z) {1} típus lehetséges értékei között.</value>
        </data>
        <data name="ContentList_EmailIsTaken" xml:space="preserve">
          <value>Ezt az e-mail címet már hozzárendelték egy másik listához.</value>
        </data>
        <data name="InvalidContentAction_NotSpecified" xml:space="preserve">
          <value>Ez nem végrehajtható művelet.</value>
        </data>
        <data name="InvalidContentAction_UnknownAction" xml:space="preserve">
          <value>Ismeretlen művelet.</value>
        </data>
        <data name="InvalidContentAction_InvalidStateAction" xml:space="preserve">
          <value>Ez a művelet jelenleg nem hajtható végre a tartalmon.</value>
        </data>
        <data name="InvalidContentAction_UndoSingleVersion" xml:space="preserve">
          <value>A tartalomnak egyetlen, zárolt verziója van, amit nem lehet visszavonni. Törölheti vagy visszateheti a tartalmat.</value>
        </data>        
        <data name="InvalidContentAction_CheckedOutToSomeoneElse" xml:space="preserve">
          <value>A tartalmat egy másik felhasználó zárolta.</value>
        </data>
        <data name="InvalidContentAction_NotEnoughPermissions" xml:space="preserve">
          <value>Nincs elegendő jogosultsága a művelethez.</value>
        </data>
        <data name="InvalidContentAction_MultistepSaveInProgress" xml:space="preserve">
          <value>Többlépcsős mentés van folyamatban, ez alatt nem lehet módosítani a tartalmat.</value>
        </data>
        <data name="CalendarEvent_InvalidStartEndDate" xml:space="preserve">
          <value>Kérem válasszon olyan végdátumot, amely későbbi, mint a kezdődátum.</value>
        </data>
        <data name="File_ForbiddenExecutable_2" xml:space="preserve">
          <value>{1} típusa Futtatható fájl kell hogy legyen, {0} helyett.</value>
        </data>
        <data name="File_ForbiddenExecutable" xml:space="preserve">
          <value>Ön nem hozhat létre Futtatható fájlt.</value>
        </data>
        <data name="User_NonUnique" xml:space="preserve">
          <value>A(z) '{0}' domain alatt van már '{1}' nevű vagy '{2}' login nevű felhasználó, vagy csoport.</value>
        </data>
        <data name="Survey_OnlySingleResponse_1" xml:space="preserve">
          <value>{0} már kitöltötte ezt az űrlapot.</value>
        </data>
      </Language>
    </Languages>
  </ResourceClass>
  <ResourceClass name="Error_Portal">
    <Languages>
      <Language cultureName="en">       
        <!-- ============================================================== HttpAction -->
        <data name="HttpAction_NodeIsNotAnApplication_3" xml:space="preserve">
          <value>Node is not an application. Path: {0}, NodeType: {1}, ClassName: {2}</value>
        </data>
        <data name="HttpAction_NotFound_1" xml:space="preserve">
          <value>Not found: {0}.</value>
        </data>
        <data name="HttpAction_Forbidden_1" xml:space="preserve">
          <value>Forbidden: {0}.</value>
        </data>
        <!-- ============================================================== OData -->
        <data name="OData_InvalidId" xml:space="preserve">
          <value>Invalid Id - the only acceptable value is positive integer.</value>
        </data>
        <data name="OData_InvalidSkipOption" xml:space="preserve">
          <value>Invalid $skip query option - the only acceptable value is nonnegative integer.</value>
        </data>
        <data name="OData_InvalidInlineCountOption" xml:space="preserve">
          <value>Invalid $inlinecount query option - the only acceptable values are 'none' and 'allpages'.</value>
        </data>
        <data name="OData_InvalidFormatOption" xml:space="preserve">
          <value>Invalid $format query option - the only acceptable values are 'verbosejson' and 'json'.</value>
        </data>
        <data name="OData_InvalidOrderByOption" xml:space="preserve">
          <value>Invalid $orderby query option - acceptable value format is: {fieldname} [asc|desc].</value>
        </data>
        <data name="OData_ResourceNotFound" xml:space="preserve">
          <value>Resource not found.</value>
        </data>
        <data name="OData_ResourceNotFound_2" xml:space="preserve">
          <value>Resource not found: {0}/.{1}</value>
        </data>
        <data name="OData_CannotConvertToJSON_2" xml:space="preserve">
          <value>This converter can convert an instance of {0}. The passed object is {1}.</value>
        </data>
        <data name="ContentAlreadyExists_1" xml:space="preserve">
          <value>Content already exists: {0}.</value>
        </data>
        <data name="ErrorContentNotFound" xml:space="preserve">
          <value>Content does not exist at {0}.</value>
        </data>
        <data name="OData_Restore_ExistingName" xml:space="preserve">
          <value>A content with this name already exists in the selected target folder.</value>
        </data>
        <data name="OData_Restore_ForbiddenContentType" xml:space="preserve">
          <value>Cannot restore this type of content to the selected target.</value>
        </data>
        <data name="OData_Restore_NoParent" xml:space="preserve">
          <value>Destination folder does not exist.</value>
        </data>
        <data name="OData_Restore_PermissionError" xml:space="preserve">
          <value>You do not have enough permissions to complete the restore operation.</value>
        </data>
        <!-- ============================================================== Site -->
        <data name="Site_UrlListCannotBeEmpty" xml:space="preserve">
          <value>Please give at least one site url.</value>
        </data>
        <data name="Site_StartPageMustBeUnderTheSite" xml:space="preserve">
          <value>The StartPage must be under the Site.</value>
        </data>
        <data name="Site_UrlAlreadyUsed_2" xml:space="preserve">
          <value>"The url {0} is already used by the site {1}</value>
        </data>
        <data name="Site_InvalidUri_1" xml:space="preserve">
          <value>Invalid site URL: '{0}'.</value>
        </data>

        <data name="ContentDoesNotExistWithPath_1" xml:space="preserve">
          <value>Content does not exist with path {0}.</value>
        </data>
      </Language>
      <Language cultureName="hu">      
        <!-- ============================================================== HttpAction -->
        <data name="HttpAction_NodeIsNotAnApplication_3" xml:space="preserve">
          <value>A Node nem alkalmazás (nem Application leszármazott). Útvonal: {0}, típus (NodeType): {1}, Osztálynév: {2}</value>
        </data>
        <data name="HttpAction_NotFound_1" xml:space="preserve">
          <value>Nem található: {0}.</value>
        </data>
        <data name="HttpAction_Forbidden_1" xml:space="preserve">
          <value>Forbidden: {0}.</value>
        </data>
        <!-- ============================================================== OData -->
        <data name="OData_InvalidId" xml:space="preserve">
          <value>Hibás Id. Pozitív egész számot kell megadni.</value>
        </data>
        <data name="OData_InvalidTopOption" xml:space="preserve">
          <value>Hibás $top opció. Nemnegatív egész számot kell megadni.</value>
        </data>
        <data name="OData_InvalidSkipOption" xml:space="preserve">
          <value>Hibás $skip opció. Nemnegatív egész számot kell megadni.</value>
        </data>
        <data name="OData_InvalidInlineCountOption" xml:space="preserve">
          <value>Hibás $inlinecount opció. Az elfogadható értékek: 'none' és 'allpages'.</value>
        </data>
        <data name="OData_InvalidFormatOption" xml:space="preserve">
          <value>Hibás $format opció. Az elfogadható értékek: 'verbosejson' és 'json'.</value>
        </data>
        <data name="OData_InvalidOrderByOption" xml:space="preserve">
          <value>Hibás $orderby opció. Az elfogadható formátum: {mezőnév} [asc|desc].</value>
        </data>
        <data name="OData_ResourceNotFound" xml:space="preserve">
          <value>A kért erőforrás nem található.</value>
        </data>
        <data name="OData_ResourceNotFound_2" xml:space="preserve">
          <value>A kért erőforrás nem található: {0}/.{1}</value>
        </data>
        <data name="OData_CannotConvertToJSON_2" xml:space="preserve">
          <value>Ez a konverter csak {0} típusú objektumokat tud JSON-ra átalakítani. Az átadott objektum típusa: {1}.</value>
        </data>
        <data name="ContentAlreadyExists_1" xml:space="preserve">
          <value>A tartalom már létezik: {0}.</value>
        </data>
        <data name="ErrorContentNotFound" xml:space="preserve">
          <value>A tartalom nem létezik: {0}.</value>
        </data>
        <data name="OData_Restore_ExistingName" xml:space="preserve">
          <value>Ilyen nevű tartalom már létezik a kiválasztott mappában.</value>
        </data>
        <data name="OData_Restore_ForbiddenContentType" xml:space="preserve">
          <value>Ilyen típusú tartalom nem állítható vissza a kiválasztott mappába.</value>
        </data>
        <data name="OData_Restore_NoParent" xml:space="preserve">
          <value>A kiválasztott cél mappa nem létezik.</value>
        </data>
        <data name="OData_Restore_PermissionError" xml:space="preserve">
          <value>Nincs elég jogosultsága a visszaállításhoz.</value>
        </data>
        <!-- ============================================================== Site -->
        <data name="Site_UrlListCannotBeEmpty" xml:space="preserve">
          <value>Legalább egy szájt URL-t meg kell adni.</value>
        </data>
        <data name="Site_StartPageMustBeUnderTheSite" xml:space="preserve">
          <value>A kezdőoldalnak a szájt alatt kell lennie.</value>
        </data>
        <data name="Site_UrlAlreadyUsed_2" xml:space="preserve">
          <value>"Ez az URL: {0} már használatban van ezen a szájton: {1}.</value>
        </data>
        <data name="Site_InvalidUri_1" xml:space="preserve">
          <value>Érvénytelen szájt URL: '{0}'.</value>
        </data>

        <data name="ContentDoesNotExistWithPath_1" xml:space="preserve">
          <value>A tartalom nem létezik ({0}).</value>
        </data>
      </Language>
    </Languages>
  </ResourceClass>
</Resources>
