<?xml version="1.0" encoding="utf-8"?>
<ContentType name="TrashBag" parentType="Folder" handler="SenseNet.ContentRepository.TrashBag" xmlns="http://schemas.sensenet.com/SenseNet/ContentRepository/ContentTypeDefinition">
  <DisplayName>$Ctd-TrashBag,DisplayName</DisplayName>
  <Description>$Ctd-TrashBag,Description</Description>
  <Icon>Folder</Icon>
  <AllowIncrementalNaming>true</AllowIncrementalNaming>
  <Fields>
    <Field name="DisplayName" type="ShortText">
      <DisplayName>$Ctd-TrashBag,DisplayName-DisplayName</DisplayName>
      <Configuration>
        <VisibleBrowse>Hide</VisibleBrowse>
        <VisibleEdit>Hide</VisibleEdit>
        <VisibleNew>Hide</VisibleNew>
      </Configuration>
    </Field>
    <Field name="KeepUntil" type="DateTime">
      <DisplayName>$Ctd-TrashBag,KeepUntil-DisplayName</DisplayName>
      <Description>$Ctd-TrashBag,KeepUntil-Description</Description>
      <Configuration>
        <ReadOnly>true</ReadOnly>
      </Configuration>
    </Field>
    <Field name="OriginalPath" type="ShortText">
      <DisplayName>$Ctd-TrashBag,OriginalPath-DisplayName</DisplayName>
      <Description>$Ctd-TrashBag,OriginalPath-Description</Description>
      <Configuration>
        <ReadOnly>true</ReadOnly>
      </Configuration>
    </Field>
    <Field name="WorkspaceRelativePath" type="ShortText">
      <DisplayName>$Ctd-TrashBag,WorkspaceRelativePath-DisplayName</DisplayName>
      <Description>$Ctd-TrashBag,WorkspaceRelativePath-Description</Description>
      <Configuration>
        <ReadOnly>true</ReadOnly>
        <VisibleBrowse>Hide</VisibleBrowse>
        <VisibleEdit>Hide</VisibleEdit>
        <VisibleNew>Hide</VisibleNew>
      </Configuration>
    </Field>
    <Field name="WorkspaceId" type="Integer">
      <DisplayName>$Ctd-TrashBag,WorkspaceId-DisplayName</DisplayName>
      <Description>$Ctd-TrashBag,WorkspaceId-Description</Description>
      <Configuration>
        <ReadOnly>true</ReadOnly>
        <VisibleBrowse>Hide</VisibleBrowse>
        <VisibleEdit>Hide</VisibleEdit>
        <VisibleNew>Hide</VisibleNew>
      </Configuration>
    </Field>
    <Field name="DeletedContent" type="Reference">
      <DisplayName>$Ctd-TrashBag,DeletedContent-DisplayName</DisplayName>
      <Description>$Ctd-TrashBag,DeletedContent-Description</Description>
      <Configuration>
        <VisibleBrowse>Hide</VisibleBrowse>
        <VisibleEdit>Hide</VisibleEdit>
        <VisibleNew>Hide</VisibleNew>
        <AllowMultiple>false</AllowMultiple>
        <ReadOnly>true</ReadOnly>
      </Configuration>
    </Field>
  </Fields>
</ContentType>