<?xml version="1.0" encoding="utf-8"?>
<ContentType name="Query" parentType="GenericContent" handler="SenseNet.ContentRepository.QueryContent" xmlns="http://schemas.sensenet.com/SenseNet/ContentRepository/ContentTypeDefinition">
  <DisplayName>$Ctd-Query,DisplayName</DisplayName>
  <Description>$Ctd-Query,Description</Description>
  <Icon>Query</Icon>
  <AllowIncrementalNaming>true</AllowIncrementalNaming>
  <Fields>
    <Field name="Query" type="LongText">
      <DisplayName>$Ctd-Query,Query-DisplayName</DisplayName>
      <Description>$Ctd-Query,Query-Description</Description>
      <Configuration>
        <ControlHint>sn:QueryBuilder</ControlHint>
      </Configuration>
    </Field>
    <Field name="QueryType" type="Choice">
      <DisplayName>$Ctd-Query,QueryType-DisplayName</DisplayName>
      <Description>$Ctd-Query,QueryType-Description</Description>
      <Configuration>
        <Options>
          <Option selected="true" value="Public">$Ctd-Query,QueryType-Public</Option>
          <Option value="Private">$Ctd-Query,QueryType-Private</Option>
        </Options>
        <ReadOnly>True</ReadOnly>
        <DisplayChoices>RadioButtons</DisplayChoices>
      </Configuration>
    </Field>
  </Fields>
</ContentType>