<?xml version="1.0" encoding="utf-8"?>
<ContentType name="Folder" parentType="GenericContent" handler="SenseNet.ContentRepository.Folder" xmlns="http://schemas.sensenet.com/SenseNet/ContentRepository/ContentTypeDefinition">
  <DisplayName>$Ctd-Folder,DisplayName</DisplayName>
  <Description>$Ctd-Folder,Description</Description>
  <Icon>Folder</Icon>
  <Fields>
    <Field name="DisplayName" type="ShortText">
      <DisplayName>$Ctd-Folder,DisplayName-DisplayName</DisplayName>
      <Description>$Ctd-Folder,DisplayName-Description</Description>
    </Field>
    <Field name="Description" type="LongText">
      <Configuration>
        <VisibleBrowse>Hide</VisibleBrowse>
        <VisibleEdit>Hide</VisibleEdit>
        <VisibleNew>Hide</VisibleNew>
      </Configuration>
    </Field>
    <Field name="Version" type="Version">
      <Configuration>
        <VisibleBrowse>Hide</VisibleBrowse>
        <VisibleEdit>Hide</VisibleEdit>
        <VisibleNew>Hide</VisibleNew>
      </Configuration>
    </Field>
  </Fields>
</ContentType>