<?xml version="1.0" encoding="utf-8"?>
<ContentType name="Image" parentType="File" handler="SenseNet.ContentRepository.Image" xmlns="http://schemas.sensenet.com/SenseNet/ContentRepository/ContentTypeDefinition">
  <DisplayName>$Ctd-Image,DisplayName</DisplayName>
  <Description>$Ctd-Image,Description</Description>
  <Icon>Image</Icon>
  <Preview>true</Preview>
  <Fields>
    <Field name="Keywords" type="LongText">
      <DisplayName>$Ctd-Image,Keywords-DisplayName</DisplayName>
      <Description>$Ctd-Image,Keywords-Description</Description>
    </Field>
    <Field name="DateTaken" type="DateTime">
      <DisplayName>$Ctd-Image,DateTaken-DisplayName</DisplayName>
      <Description>$Ctd-Image,DateTaken-Description</Description>
      <Configuration>
        <DateTimeMode>DateAndTime</DateTimeMode>
      </Configuration>
    </Field>
    <Field name="Index" type="Integer"></Field>
    <Field name="Version" type="Version">
      <Configuration>
        <VisibleBrowse>Hide</VisibleBrowse>
        <VisibleEdit>Hide</VisibleEdit>
        <VisibleNew>Hide</VisibleNew>
      </Configuration>
    </Field>
    <Field name="Width" type="Integer">
      <DisplayName>$Ctd-Image,Width-DisplayName</DisplayName>
      <Configuration>
        <ReadOnly>true</ReadOnly>
      </Configuration>
    </Field>
    <Field name="Height" type="Integer">
      <DisplayName>$Ctd-Image,Height-DisplayName</DisplayName>
      <Configuration>
        <ReadOnly>true</ReadOnly>
      </Configuration>
    </Field>
  </Fields>
</ContentType>