<?xml version="1.0" encoding="utf-8"?>
<ContentType name="Device" parentType="Folder" handler="SenseNet.ApplicationModel.Device" xmlns="http://schemas.sensenet.com/SenseNet/ContentRepository/ContentTypeDefinition">
  <DisplayName>$Ctd-Device,DisplayName</DisplayName>
  <Description>$Ctd-Device,Description</Description>
  <Icon>Device</Icon>
  <Fields>
    <Field name="UserAgentPattern" type="ShortText">
      <DisplayName>$Ctd-Device,UserAgentPattern-DisplayName</DisplayName>
      <Description>$Ctd-Device,UserAgentPattern-Description</Description>
    </Field>
  </Fields>
</ContentType>