<ContentType name="Email" parentType="Folder" handler="SenseNet.ContentRepository.Folder" xmlns="http://schemas.sensenet.com/SenseNet/ContentRepository/ContentTypeDefinition">
  <DisplayName>$Ctd-Email,DisplayName</DisplayName>
  <Description>$Ctd-Email,Description</Description>
  <Icon>Document</Icon>
  <AllowIncrementalNaming>true</AllowIncrementalNaming>
  <AllowedChildTypes>
    File
  </AllowedChildTypes>
  <Fields>
    <Field name="From" type="ShortText">
      <DisplayName>$Ctd-Email,From-DisplayName</DisplayName>
      <Description>$Ctd-Email,From-Description</Description>
    </Field>
    <Field name="DisplayName" type="ShortText">
      <DisplayName>$Ctd-Email,DisplayName-DisplayName</DisplayName>
      <Description>$Ctd-Email,DisplayName-Description</Description>
    </Field>
    <Field name="Body" type="LongText">
      <DisplayName>$Ctd-Email,Body-DisplayName</DisplayName>
      <Description>$Ctd-Email,Body-Description</Description>
      <Configuration>
        <ControlHint>sn:RichText</ControlHint>
        <TextType>RichText</TextType>
      </Configuration>
    </Field>
    <Field name="Sent" type="DateTime">
      <DisplayName>$Ctd-Email,Sent-DisplayName</DisplayName>
      <Description>$Ctd-Email,Sent-Description</Description>
      <Configuration>
        <DateTimeMode>DateAndTime</DateTimeMode>
      </Configuration>
    </Field>
  </Fields>
</ContentType>