<?xml version="1.0" encoding="utf-8"?>
<ContentType name="Library" parentType="ContentList" handler="SenseNet.ContentRepository.ContentList" xmlns="http://schemas.sensenet.com/SenseNet/ContentRepository/ContentTypeDefinition">
  <DisplayName>$Ctd-Library,DisplayName</DisplayName>
  <Description>$Ctd-Library,Description</Description>
  <Icon>ContentList</Icon>
  <Fields>
    <Field name="InheritableVersioningMode" type="InheritableVersioningMode">
      <DisplayName>$Ctd-GenericContent,InheritableVersioningMode-DisplayName</DisplayName>
      <Description>$Ctd-Library,LibraryInheritableVersioningMode-Description</Description>
      <Configuration>
        <VisibleBrowse>Hide</VisibleBrowse>
        <VisibleEdit>Show</VisibleEdit>
        <VisibleNew>Show</VisibleNew>
      </Configuration>
    </Field>

    <Field name="InheritableApprovingMode" type="InheritableApprovingMode">
      <DisplayName>$Ctd-GenericContent,InheritableApprovingMode-DisplayName</DisplayName>
      <Description>$Ctd-Library,LibraryInheritableApprovingMode-Description</Description>
      <Configuration>
        <VisibleBrowse>Hide</VisibleBrowse>
        <VisibleEdit>Show</VisibleEdit>
        <VisibleNew>Show</VisibleNew>
      </Configuration>
    </Field>
  </Fields>
</ContentType>