<?xml version="1.0" encoding="utf-8"?>
<ContentType name="SystemFile" parentType="File" handler="SenseNet.ContentRepository.File" xmlns="http://schemas.sensenet.com/SenseNet/ContentRepository/ContentTypeDefinition">
  <DisplayName>$Ctd-SystemFile,DisplayName</DisplayName>
  <Description>$Ctd-SystemFile,Description</Description>
  <Icon>File</Icon>
  <Fields>
    <Field name="Watermark" type="ShortText">
      <Configuration>
        <VisibleBrowse>Hide</VisibleBrowse>
        <VisibleEdit>Hide</VisibleEdit>
        <VisibleNew>Hide</VisibleNew>
      </Configuration>
    </Field>
  </Fields>
</ContentType>