﻿<?xml version="1.0" encoding="utf-8"?>
<ContentType name="HtmlTemplate" parentType="File" handler="SenseNet.Portal.UI.HtmlTemplate" xmlns="http://schemas.sensenet.com/SenseNet/ContentRepository/ContentTypeDefinition">
  <DisplayName>$Ctd-HtmlTemplate,DisplayName</DisplayName>
  <Description>$Ctd-HtmlTemplate,Description</Description>
  <Icon>File</Icon>
  <Fields>
    <Field name="TemplateText" type="LongText">
      <DisplayName>$Ctd-HtmlTemplate,TemplateText-DisplayName</DisplayName>
      <Description>$Ctd-HtmlTemplate,TemplateText-Description</Description>
      <Configuration>
        <VisibleBrowse>Advanced</VisibleBrowse>
        <VisibleEdit>Advanced</VisibleEdit>
        <VisibleNew>Advanced</VisibleNew>
        <Readonly>true</Readonly>
      </Configuration>
    </Field>
  </Fields>
</ContentType>
