﻿<?xml version="1.0" encoding="utf-8"?>
<Resources>
  <ResourceClass name="Ctd-Resource">
    <Languages>
      <Language cultureName="en">
        <data name="DisplayName" xml:space="preserve">
          <value>Resource</value>
        </data>
        <data name="Description" xml:space="preserve">
          <value>String or binary resource used to localize the system. Its format is the same as the internal part of a standard .Net resx file.</value>
        </data>
        <data name="Binary-DisplayName" xml:space="preserve">
          <value>Binary</value>
        </data>
        <data name="Downloads-DisplayName" xml:space="preserve">
          <value>Downloads</value>
        </data>
        <data name="Downloads-Description" xml:space="preserve">
          <value>The number of downloads.</value>
        </data>
        <data name="Size-DisplayName" xml:space="preserve">
          <value>Size</value>
        </data>
        <data name="Size-Description" xml:space="preserve">
          <value>Size of this version.</value>
        </data>
        <data name="FullSize-DisplayName" xml:space="preserve">
          <value>Full size</value>
        </data>
        <data name="FullSize-Description" xml:space="preserve">
          <value>Size of all versions together.</value>
        </data>
      </Language>
      <Language cultureName="hu">
        <data name="DisplayName" xml:space="preserve">
          <value>Erőforrás fájl</value>
        </data>
        <data name="Description" xml:space="preserve">
          <value>Szöveges vagy bináris fájl a rendszer lokalizálására. Formátuma megegyezik a resx fájlokéval.</value>
        </data>
        <data name="Binary-DisplayName" xml:space="preserve">
          <value>Bináris</value>
        </data>
        <data name="Binary-Description" xml:space="preserve">
          <value>A dokumentum binárisa.</value>
        </data>
        <data name="Size-DisplayName" xml:space="preserve">
          <value>Méret</value>
        </data>
        <data name="Size-Description" xml:space="preserve">
          <value>Bináris dokumentum mérete.</value>
        </data>
        <data name="FullSize-DisplayName" xml:space="preserve">
          <value>Teljes méret</value>
        </data>
        <data name="FullSize-Description" xml:space="preserve">
          <value>A dokumentum teljes mérete, amely tartalmazza a dokumentum összes korábbi verzióját is.</value>
        </data>
        <data name="Downloads-DisplayName" xml:space="preserve">
          <value>Letöltések</value>
        </data>
        <data name="Downloads-Description" xml:space="preserve">
          <value>Letöltések száma.</value>
        </data>
      </Language>
    </Languages>
  </ResourceClass>
  <ResourceClass name="Ctd-Resources">
    <Languages>
      <Language cultureName="en">
        <data name="DisplayName" xml:space="preserve">
          <value>Resources</value>
        </data>
        <data name="Description" xml:space="preserve">
          <value>This is the container type for resources. Only a single instance is allowed at /Root/Localization.</value>
        </data>
      </Language>
      <Language cultureName="hu">
        <data name="DisplayName" xml:space="preserve">
          <value>Erőforrások</value>
        </data>
        <data name="Description" xml:space="preserve">
          <value>Erőforrások gyűjtője. Csak egy lehet, itt: /Root/Localization.</value>
        </data>
      </Language>
    </Languages>
  </ResourceClass>
  <ResourceClass name="Ctd-RssApplication">
    <Languages>
      <Language cultureName="en">
        <data name="DisplayName" xml:space="preserve">
          <value>RSS application</value>
        </data>
        <data name="Description" xml:space="preserve">
          <value>Generates RSS feed from a content.</value>
        </data>
      </Language>
      <Language cultureName="hu">
        <data name="DisplayName" xml:space="preserve">
          <value>RSS alkalmazás</value>
        </data>
        <data name="Description" xml:space="preserve">
          <value>RSS feedet generál a tartalomhoz.</value>
        </data>
      </Language>
    </Languages>
  </ResourceClass>
  <ResourceClass name="Ctd-RuntimeContentContainer">
    <Languages>
      <Language cultureName="en">
        <data name="DisplayName" xml:space="preserve">
          <value>Runtime Content Container</value>
        </data>
        <data name="Description" xml:space="preserve">
          <value>For internal use only.</value>
        </data>
      </Language>
      <Language cultureName="hu">
        <data name="DisplayName" xml:space="preserve">
          <value>Runtime Content Container</value>
        </data>
        <data name="Description" xml:space="preserve">
          <value>Csak belső használatra.</value>
        </data>
      </Language>
    </Languages>
  </ResourceClass>
  <ResourceClass name="Ctd-Settings">
    <Languages>
      <Language cultureName="en">
        <data name="DisplayName" xml:space="preserve">
          <value>Settings</value>
        </data>
        <data name="Description" xml:space="preserve">
          <value>Content type for storing application or module settings in text format or in custom fields.</value>
        </data>
        <data name="GlobalOnly-DisplayName" xml:space="preserve">
          <value>Global only</value>
        </data>
        <data name="GlobalOnly-Description" xml:space="preserve">
          <value>Switching this ON will prevent the creation of local settings with the same name preventing others to gain access to the contents of this settings file through inheritance.</value>
        </data>
      </Language>
      <Language cultureName="hu">
        <data name="DisplayName" xml:space="preserve">
          <value>Beállítás</value>
        </data>
        <data name="Description" xml:space="preserve">
          <value>Beállítások tárolására szolgáló tartalom típus.</value>
        </data>
      <data name="GlobalOnly-DisplayName" xml:space="preserve">
          <value>Globális beállítások</value>
        </data>
        <data name="GlobalOnly-Description" xml:space="preserve">
          <value>Ha ezt bekapcsolja, senki nem hozhat létre helyi beállításokat ugyanezzel a névvel. Ez megakadályozza, hogy a beállítás-öröklés miatt más is hozzáférjen a globális beállításokhoz.</value>
        </data>
      </Language>
    </Languages>
  </ResourceClass> 
  <ResourceClass name="Ctd-Site">
    <Languages>
      <Language cultureName="en">
        <data name="DisplayName" xml:space="preserve">
          <value>Site</value>
        </data>
        <data name="Description" xml:space="preserve">
          <value>The Site provides a primary entry point to your Portal.</value>
        </data>
        <data name="DisplayName-DisplayName" xml:space="preserve">
          <value>Display name of the Site</value>
        </data>
        <data name="DisplayName-Description" xml:space="preserve">
          <value>This name will appear when the site is presented somewhere.</value>
        </data>
        <data name="Language-DisplayName" xml:space="preserve">
          <value>Language</value>
        </data>
        <data name="Language-Description" xml:space="preserve">
          <value>Please define the default language of this site.</value>
        </data>
        <data name="Language-Hu" xml:space="preserve">
          <value>Hungarian</value>
        </data>
        <data name="Language-En" xml:space="preserve">
          <value>English</value>
        </data>
        <data name="EnableClientBasedCulture-DisplayName" xml:space="preserve">
          <value>Enable client-based culture</value>
        </data>
        <data name="EnableClientBasedCulture-Description" xml:space="preserve">
          <value>Enable this to allow user browser settings override default site language settings.</value>
        </data>
        <data name="EnableUserBasedCulture-DisplayName" xml:space="preserve">
          <value>Enable user-based culture</value>
        </data>
        <data name="EnableUserBasedCulture-Description" xml:space="preserve">
          <value>Enable this to allow user language settings override default site language settings.</value>
        </data>
        <data name="UrlList-DisplayName" xml:space="preserve">
          <value>URL list</value>
        </data>
        <data name="UrlList-Description" xml:space="preserve">
          <value>Select the URLs to associate with this Site.</value>
        </data>
        <data name="StartPage-DisplayName" xml:space="preserve">
          <value>Alternative start page</value>
        </data>
        <data name="StartPage-Description" xml:space="preserve">
          <value>If set, the site will use this start page instead of the default.</value>
        </data>
        <data name="LoginPage-DisplayName" xml:space="preserve">
          <value>Login page</value>
        </data>
        <data name="LoginPage-Description" xml:space="preserve">
          <value>The login page to display when a user tries to access restricted Content (Forms authentication only).</value>
        </data>
        <data name="SiteSkin-DisplayName" xml:space="preserve">
          <value>Skin</value>
        </data>
        <data name="SiteSkin-Description" xml:space="preserve">
          <value></value>
        </data>
        <data name="DenyCrossSiteAccess-DisplayName" xml:space="preserve">
          <value>Deny cross-site access</value>
        </data>
        <data name="DenyCrossSiteAccess-Description" xml:space="preserve">
          <value>If set, content under this site can only be accessed via this site and not via other sites using a Root relative path.</value>
        </data>
        <data name="SiteInheritableVersioningMode-Description" xml:space="preserve">
          <value>Specify whether the system should create a new version whenever you create or modify a content under this site.</value>
        </data>
        <data name="SiteInheritableApprovingMode-Description" xml:space="preserve">
          <value>Specify whether new or changed content under this site should remain draft until approved.</value>
        </data>
      </Language>
      <Language cultureName="hu">
        <data name="DisplayName" xml:space="preserve">
          <value>Site</value>
        </data>
        <data name="Description" xml:space="preserve">
          <value>A site jelenti a fő belépési pontot a portálra.</value>
        </data>
        <data name="DisplayName-DisplayName" xml:space="preserve">
          <value>Felhasználóbarát név</value>
        </data>
        <data name="DisplayName-Description" xml:space="preserve">
          <value>Ez a név fog megjelenni, amikor a site-okat listázzuk, vagy megjelenítjük valahol.</value>
        </data>
        <data name="Language-DisplayName" xml:space="preserve">
          <value>Nyelv</value>
        </data>
        <data name="Language-Description" xml:space="preserve">
          <value>Adja meg a szájt alapértelmezett nyelvét.</value>
        </data>
        <data name="Language-Hu" xml:space="preserve">
          <value>magyar</value>
        </data>
        <data name="Language-En" xml:space="preserve">
          <value>angol</value>
        </data>
        <data name="EnableClientBasedCulture-DisplayName" xml:space="preserve">
          <value>Kliens oldali nyelvek engedélyezése</value>
        </data>
        <data name="EnableClientBasedCulture-Description" xml:space="preserve">
          <value>Ha engedélyezi, a böngészők nyelvi beállítása felülírja a szájton beállított alapértelmezett nyelvet.</value>
        </data>
        <data name="EnableUserBasedCulture-DisplayName" xml:space="preserve">
          <value>Felhasználói nyelvválasztás engedélyezése</value>
        </data>
        <data name="EnableUserBasedCulture-Description" xml:space="preserve">
          <value>Ha engedélyezi, a felhasználó nyelvi beállítása felülírja a szájton beállított alapértelmezett nyelvet.</value>
        </data>
        <data name="UrlList-DisplayName" xml:space="preserve">
          <value>URL lista</value>
        </data>
        <data name="UrlList-Description" xml:space="preserve">
          <value>Adja meg az ehhez a site-hoz társított URL címeket.</value>
        </data>
        <data name="StartPage-DisplayName" xml:space="preserve">
          <value>Alternatív kezdőoldal</value>
        </data>
        <data name="StartPage-Description" xml:space="preserve">
          <value>Ha kitölti, a site ezt a tartalmat jeleníti meg az alapértelmezetett (például This/Browse oldal) helyett.</value>
        </data>
        <data name="LoginPage-DisplayName" xml:space="preserve">
          <value>Belépés oldal</value>
        </data>
        <data name="LoginPage-Description" xml:space="preserve">
          <value>Ezt a belépés oldalt jelenítjük meg, ha a felhasználó belépést igénylő tartalomhoz szeretne hozzáférni (Forms autentikáció esetén).</value>
        </data>
        <data name="SiteSkin-DisplayName" xml:space="preserve">
          <value>Téma</value>
        </data>
        <data name="SiteSkin-Description" xml:space="preserve">
          <value>Meghatározza a site kinézetét, a használt stílusfájlokat és képeket.</value>
        </data>
        <data name="DenyCrossSiteAccess-DisplayName" xml:space="preserve">
          <value>Más site-okról történő elérés tiltása</value>
        </data>
        <data name="DenyCrossSiteAccess-Description" xml:space="preserve">
          <value>Ha beállítja, ezen site alatti tartalmak csak ezen a site-on át lesznek elérhetőek, más site-okon át A '/Root/...' címzést használva sem.</value>
        </data>
        <data name="SiteInheritableVersioningMode-Description" xml:space="preserve">
          <value>Adja meg, hogy rendszer hozzon-e létre új verziót minden egyes alkalommal, ha valaki módosít egy tartalmat a site alatt.</value>
        </data>
        <data name="SiteInheritableApprovingMode-Description" xml:space="preserve">
          <value>Adja meg, hogy az új vagy módosított tartalmakat a site alatt jóvá kell-e hagyni, mielőtt megjelennek publikusan.</value>
        </data>
      </Language>
    </Languages>
  </ResourceClass>
  <ResourceClass name="Ctd-Sites">
    <Languages>
      <Language cultureName="en">
        <data name="DisplayName" xml:space="preserve">
          <value>Sites</value>
        </data>
        <data name="Description" xml:space="preserve">
          <value>This is the container type for sites. Only a single instance is allowed at /Root/Sites.</value>
        </data>
      </Language>
      <Language cultureName="hu">
        <data name="DisplayName" xml:space="preserve">
          <value>Sites</value>
        </data>
        <data name="Description" xml:space="preserve">
          <value>Site-ok gyűjtője. Egy lehet belőle, a /Root/Sites.</value>
        </data>
      </Language>
    </Languages>
  </ResourceClass>
  <ResourceClass name="Ctd-SmartFolder">
    <Languages>
      <Language cultureName="en">
        <data name="DisplayName" xml:space="preserve">
          <value>Smart Folder</value>
        </data>
        <data name="Description" xml:space="preserve">
          <value>Use smart folders to group information (content) by Repository query.</value>
        </data>
        <data name="Query-DisplayName" xml:space="preserve">
          <value>Query</value>
        </data>
        <data name="Query-Description" xml:space="preserve">
          <value>Please give a query here that you want to use for collecting the children of this smart folder.</value>
        </data>
        <data name="EnableAutofilters-DisplayName" xml:space="preserve">
          <value>Enable autofilters</value>
        </data>
        <data name="EnableAutofilters-Description" xml:space="preserve">
          <value>If autofilters are enabled, system content will be filtered from the query.</value>
        </data>
        <data name="EnableLifespanFilter-DisplayName" xml:space="preserve">
          <value>Enable lifespan filter</value>
        </data>
        <data name="EnableLifespanFilter-Description" xml:space="preserve">
          <value>If lifespan filter is enabled, only valid content will be in the result.</value>
        </data>
      </Language>
      <Language cultureName="hu">
        <data name="DisplayName" xml:space="preserve">
          <value>Okosmappa</value>
        </data>
        <data name="Description" xml:space="preserve">
          <value>Különböző szűrési feltételek alapján kigyűjtött tartalmak tárolására.</value>
        </data>
        <data name="Query-DisplayName" xml:space="preserve">
          <value>Query</value>
        </data>
        <data name="Query-Description" xml:space="preserve">
          <value>Adja meg azokat a feltételeket, amelyek alapján a mappába szeretne gyűjteni tartalmakat.</value>
        </data>
        <data name="EnableAutofilters-DisplayName" xml:space="preserve">
          <value>Automata szűrési feltételek bekapcsolása</value>
        </data>
        <data name="EnableAutofilters-Description" xml:space="preserve">
          <value>Ha be van kapcsolva, a rendszer fájlok nem kerülnek bele a mappába.</value>
        </data>
        <data name="EnableLifespanFilter-DisplayName" xml:space="preserve">
          <value>Élettartam szűrés bekapcsolása</value>
        </data>
        <data name="EnableLifespanFilter-Description" xml:space="preserve">
          <value>Ha be van kapcsolva, akkor csak az időben aktuális tartalmak kerülnek be.</value>
        </data>
      </Language>
    </Languages>
  </ResourceClass>
  <ResourceClass name="Ctd-SystemFile">
    <Languages>
      <Language cultureName="en">
        <data name="DisplayName" xml:space="preserve">
          <value>System file</value>
        </data>
        <data name="Description" xml:space="preserve">
          <value>A special file for internal use in the system.</value>
        </data>
      </Language>
      <Language cultureName="hu">
        <data name="DisplayName" xml:space="preserve">
          <value>Rendszer fájl</value>
        </data>
        <data name="Description" xml:space="preserve">
          <value>Speciális rendszer fájl.</value>
        </data>
      </Language>
    </Languages>
  </ResourceClass>
  <ResourceClass name="Ctd-SystemFolder">
    <Languages>
      <Language cultureName="en">
        <data name="DisplayName" xml:space="preserve">
          <value>System Folder</value>
        </data>
        <data name="Description" xml:space="preserve">
          <value>System Folders provide a way to store configuration and logic.</value>
        </data>
        <data name="DisplayName-DisplayName" xml:space="preserve">
          <value>System folder name</value>
        </data>
        <data name="DisplayName-Description" xml:space="preserve">
          <value>Display name of the content. You can set any name you prefer without any restrictions.</value>
        </data>
      </Language>
      <Language cultureName="hu">
        <data name="DisplayName" xml:space="preserve">
          <value>Rendszer mappa</value>
        </data>
        <data name="Description" xml:space="preserve">
          <value>Konfigurációk és egyéb rendszerelemek tárolására.</value>
        </data>
        <data name="DisplayName-DisplayName" xml:space="preserve">
          <value>Rendszer mappa neve</value>
        </data>
        <data name="DisplayName-Description" xml:space="preserve">
          <value></value>
        </data>
      </Language>
    </Languages>
  </ResourceClass>
</Resources>
