<?xml version="1.0" encoding="utf-8"?>
<ContentType name="SmartFolder" parentType="Folder" handler="SenseNet.ContentRepository.SmartFolder" xmlns="http://schemas.sensenet.com/SenseNet/ContentRepository/ContentTypeDefinition">
  <DisplayName>$Ctd-SmartFolder,DisplayName</DisplayName>
  <Description>$Ctd-SmartFolder,Description</Description>
  <Icon>SmartFolder</Icon>
  <Fields>
    <Field name="Query" type="LongText">
      <DisplayName>$Ctd-SmartFolder,Query-DisplayName</DisplayName>
      <Description>$Ctd-SmartFolder,Query-Description</Description>
      <Indexing>
        <Mode>No</Mode>
      </Indexing>
      <Configuration>
        <ControlHint>sn:QueryBuilder</ControlHint>
      </Configuration>
    </Field>
    <Field name="EnableAutofilters" type="Choice">
      <DisplayName>$Ctd-SmartFolder,EnableAutofilters-DisplayName</DisplayName>
      <Description>$Ctd-SmartFolder,EnableAutofilters-Description</Description>
      <Configuration>
        <AllowMultiple>false</AllowMultiple>
        <AllowExtraValue>false</AllowExtraValue>
        <Options>
          <Enum type="SenseNet.Search.FilterStatus" />
        </Options>
      </Configuration>
    </Field>
    <Field name="EnableLifespanFilter" type="Choice">
      <DisplayName>$Ctd-SmartFolder,EnableLifespanFilter-DisplayName</DisplayName>
      <Description>$Ctd-SmartFolder,EnableLifespanFilter-Description</Description>
      <Configuration>
        <AllowMultiple>false</AllowMultiple>
        <AllowExtraValue>false</AllowExtraValue>
        <Options>
          <Enum type="SenseNet.Search.FilterStatus" />
        </Options>
      </Configuration>
    </Field>
  </Fields>
</ContentType>