<?xml version="1.0" encoding="utf-8"?>
<ContentType name="PortalRoot" parentType="Folder" handler="SenseNet.ContentRepository.PortalRoot" xmlns="http://schemas.sensenet.com/SenseNet/ContentRepository/ContentTypeDefinition">
  <DisplayName>$Ctd-PortalRoot,DisplayName</DisplayName>
  <Description>$Ctd-PortalRoot,Description</Description>
  <Icon>PortalRoot</Icon>
  <AllowedChildTypes>
    Folder,SystemFolder,TrashBin,ContentList,CustomList,Sites,Domains,Profiles,Resources,Skins,Workspace
  </AllowedChildTypes>
  <Fields>
    <Field name="DisplayName" type="ShortText">
      <Configuration>
        <VisibleBrowse>Hide</VisibleBrowse>
        <VisibleEdit>Hide</VisibleEdit>
        <VisibleNew>Hide</VisibleNew>
      </Configuration>
    </Field>
  </Fields>
</ContentType>