<?xml version="1.0" encoding="utf-8"?>
<ContentType name="TrashBin" parentType="Workspace" handler="SenseNet.ContentRepository.TrashBin" xmlns="http://schemas.sensenet.com/SenseNet/ContentRepository/ContentTypeDefinition">
  <DisplayName>$Ctd-TrashBin,DisplayName</DisplayName>
  <Description>$Ctd-TrashBin,Description</Description>
  <Icon>trash</Icon>
  <AllowedChildTypes>
    TrashBag
  </AllowedChildTypes>
  <Fields>
    <Field name="Name" type="ShortText">
      <Configuration>
        <VisibleBrowse>Hide</VisibleBrowse>
        <VisibleEdit>Hide</VisibleEdit>
        <VisibleNew>Hide</VisibleNew>
      </Configuration>
    </Field>
    <Field name="DisplayName" type="ShortText">
      <Configuration>
        <VisibleBrowse>Hide</VisibleBrowse>
        <VisibleEdit>Hide</VisibleEdit>
        <VisibleNew>Hide</VisibleNew>
      </Configuration>
    </Field>
    <Field name="Description" type="LongText">
      <Configuration>
        <VisibleBrowse>Hide</VisibleBrowse>
        <VisibleEdit>Hide</VisibleEdit>
        <VisibleNew>Hide</VisibleNew>
      </Configuration>
    </Field>
    <Field name="Index" type="Integer">
      <Configuration>
        <VisibleBrowse>Hide</VisibleBrowse>
        <VisibleEdit>Hide</VisibleEdit>
        <VisibleNew>Hide</VisibleNew>
      </Configuration>
    </Field>
    <Field name="InheritableVersioningMode" type="InheritableVersioningMode">
      <Configuration>
        <VisibleBrowse>Hide</VisibleBrowse>
        <VisibleEdit>Hide</VisibleEdit>
        <VisibleNew>Hide</VisibleNew>
      </Configuration>
    </Field>
    <Field name="InheritableApprovingMode" type="InheritableApprovingMode">
      <Configuration>
        <VisibleBrowse>Hide</VisibleBrowse>
        <VisibleEdit>Hide</VisibleEdit>
        <VisibleNew>Hide</VisibleNew>
      </Configuration>
    </Field>
    <Field name="IsActive" type="Boolean">
      <DisplayName>$Ctd-TrashBin,IsActive-DisplayName</DisplayName>
      <Description>$Ctd-TrashBin,IsActive-Description</Description>
    </Field>
    <Field name="MinRetentionTime" type="Integer">
      <DisplayName>$Ctd-TrashBin,MinRetentionTime-DisplayName</DisplayName>
      <Description>$Ctd-TrashBin,MinRetentionTime-Description</Description>
      <Configuration>
        <MinValue>0</MinValue>
      </Configuration>
    </Field>
    <Field name="SizeQuota" type="Integer">
      <DisplayName>$Ctd-TrashBin,SizeQuota-DisplayName</DisplayName>
      <Description>$Ctd-TrashBin,SizeQuota-Description</Description>
      <Configuration>
        <MinValue>0</MinValue>
      </Configuration>
    </Field>
    <Field name="BagCapacity" type="Integer">
      <DisplayName>$Ctd-TrashBin,BagCapacity-DisplayName</DisplayName>
      <Description>$Ctd-TrashBin,BagCapacity-Description</Description>
      <Configuration>
        <DefaultValue>100</DefaultValue>
        <MinValue>0</MinValue>
      </Configuration>
    </Field>
    <Field name="TrashDisabled" type="Boolean">
      <Configuration>
        <DefaultValue>true</DefaultValue>
        <VisibleBrowse>Hide</VisibleBrowse>
        <VisibleEdit>Hide</VisibleEdit>
        <VisibleNew>Hide</VisibleNew>
      </Configuration>
    </Field>
    <Field name="IsWallContainer" type="Boolean">
      <Configuration>
        <VisibleBrowse>Hide</VisibleBrowse>
        <VisibleEdit>Hide</VisibleEdit>
        <VisibleNew>Hide</VisibleNew>
      </Configuration>
    </Field>
    <Field name="IsCritical" type="Boolean">
      <Configuration>
        <VisibleBrowse>Hide</VisibleBrowse>
        <VisibleEdit>Hide</VisibleEdit>
        <VisibleNew>Hide</VisibleNew>
      </Configuration>
    </Field>
    <Field name="Manager" type="Reference">
      <Configuration>
        <VisibleBrowse>Hide</VisibleBrowse>
        <VisibleEdit>Hide</VisibleEdit>
        <VisibleNew>Hide</VisibleNew>
      </Configuration>
    </Field>
    <Field name="Deadline" type="DateTime">
      <Configuration>
        <VisibleBrowse>Hide</VisibleBrowse>
        <VisibleEdit>Hide</VisibleEdit>
        <VisibleNew>Hide</VisibleNew>
      </Configuration>
    </Field>
    <Field name="WorkspaceSkin" type="Reference">
      <Configuration>
        <VisibleBrowse>Hide</VisibleBrowse>
        <VisibleEdit>Hide</VisibleEdit>
        <VisibleNew>Hide</VisibleNew>
      </Configuration>
    </Field>
    <Field name="Version" type="Version">
      <Configuration>
        <VisibleBrowse>Hide</VisibleBrowse>
        <VisibleEdit>Hide</VisibleEdit>
        <VisibleNew>Hide</VisibleNew>
      </Configuration>
    </Field>
  </Fields>
</ContentType>