﻿<?xml version="1.0" encoding="utf-8"?>
<Resources>
  <ResourceClass name="Ctd-Image">
    <Languages>
      <Language cultureName="en">
        <data name="DisplayName" xml:space="preserve">
          <value>Image</value>
        </data>
        <data name="Description" xml:space="preserve">
          <value>A special Document type for storing images.</value>
        </data>
        <data name="Keywords-DisplayName" xml:space="preserve">
          <value>Keywords</value>
        </data>
        <data name="Keywords-Description" xml:space="preserve">
          <value>Keywords describing the image.</value>
        </data>
        <data name="DateTaken-DisplayName" xml:space="preserve">
          <value>Date taken</value>
        </data>
        <data name="DateTaken-Description" xml:space="preserve">
          <value>Date the photo was taken, if applicable.</value>
        </data>
        <data name="Width-DisplayName" xml:space="preserve">
          <value>Width</value>
        </data>
        <data name="Height-DisplayName" xml:space="preserve">
          <value>Height</value>
        </data>
      </Language>
      <Language cultureName="hu">
        <data name="DisplayName" xml:space="preserve">
          <value>Kép</value>
        </data>
        <data name="Description" xml:space="preserve">
          <value>Speciális dokumentum típus képeknek.</value>
        </data>
        <data name="Keywords-DisplayName" xml:space="preserve">
          <value>Kulcsszavak</value>
        </data>
        <data name="Keywords-Description" xml:space="preserve">
          <value>Kulcsszavak a kép leírásához.</value>
        </data>
        <data name="DateTaken-DisplayName" xml:space="preserve">
          <value>Készítés dátuma</value>
        </data>
        <data name="DateTaken-Description" xml:space="preserve">
          <value>A dátum, amikor a fotó készült.</value>
        </data>
        <data name="Width-DisplayName" xml:space="preserve">
          <value>Szélesség</value>
        </data>
        <data name="Height-DisplayName" xml:space="preserve">
          <value>Magasság</value>
        </data>
      </Language>
    </Languages>
  </ResourceClass>
  <ResourceClass name="Ctd-ImageLibrary">
    <Languages>
      <Language cultureName="en">
        <data name="DisplayName" xml:space="preserve">
          <value>Image library</value>
        </data>
        <data name="Description" xml:space="preserve">
          <value>A special List for storing images.</value>
        </data>
      </Language>
      <Language cultureName="hu">
        <data name="DisplayName" xml:space="preserve">
          <value>Galéria</value>
        </data>
        <data name="Description" xml:space="preserve">
          <value>Speciális típus képek listázására.</value>
        </data>
      </Language>
    </Languages>
  </ResourceClass>
  <ResourceClass name="Ctd-ImgResizeApplication">
    <Languages>
      <Language cultureName="en">
        <data name="DisplayName" xml:space="preserve">
          <value>Image Resizing Application</value>
        </data>
        <data name="Description" xml:space="preserve">
          <value>This application allows resizing and caching images dynamically.</value>
        </data>
        <data name="ResizeTypeMode-DisplayName" xml:space="preserve">
          <value>Resize type</value>
        </data>
        <data name="ResizeTypeMode-Description" xml:space="preserve">
          <value></value>
        </data>
        <data name="ResizeTypeMode-Resize" xml:space="preserve">
          <value>Resize</value>
        </data>
        <data name="ResizeTypeMode-Crop" xml:space="preserve">
          <value>Crop</value>
        </data>
        <data name="ImageType-DisplayName" xml:space="preserve">
          <value>Image type</value>
        </data>
        <data name="ImageType-Description" xml:space="preserve">
          <value>Type of how the image is being stored.</value>
        </data>
        <data name="ImageType-Binary" xml:space="preserve">
          <value>Binary image</value>
        </data>
        <data name="ImageType-Reference" xml:space="preserve">
          <value>Image Reference</value>
        </data>
        <data name="ImageType-ImageData" xml:space="preserve">
          <value>Image Field</value>
        </data>
        <data name="ImageType-Attachment" xml:space="preserve">
          <value>Attachment</value>
        </data>
        <data name="ImageFieldName-DisplayName" xml:space="preserve">
          <value>Image Field Name</value>
        </data>
        <data name="ImageFieldName-Description" xml:space="preserve">
          <value>Name of the image field in a content.</value>
        </data>
        <data name="Width-DisplayName" xml:space="preserve">
          <value>Width</value>
        </data>
        <data name="Width-Description" xml:space="preserve">
          <value>The width of an image.</value>
        </data>
        <data name="Height-DisplayName" xml:space="preserve">
          <value>Height</value>
        </data>
        <data name="Height-Description" xml:space="preserve">
          <value>The height of an image.</value>
        </data>
        <data name="Stretch-DisplayName" xml:space="preserve">
          <value>Stretch</value>
        </data>
        <data name="Stretch-Description" xml:space="preserve">
          <value>Allow stretching or keep the original aspect ratio.</value>
        </data>
        <data name="OutputFormat-DisplayName" xml:space="preserve">
          <value>Output format</value>
        </data>
        <data name="OutputFormat-Description" xml:space="preserve">
          <value>Choose the output format of the resized image. Set to 'AUTO' to keep the original format.</value>
        </data>
        <data name="OutputFormat-Auto" xml:space="preserve">
          <value>Auto</value>
        </data>
        <data name="OutputFormat-Jpeg" xml:space="preserve">
          <value>Jpeg</value>
        </data>
        <data name="OutputFormat-Png" xml:space="preserve">
          <value>Png</value>
        </data>
        <data name="OutputFormat-Gif" xml:space="preserve">
          <value>Gif</value>
        </data>
        <data name="OutputFormat-Icon" xml:space="preserve">
          <value>Icon</value>
        </data>
        <data name="OutputFormat-Tiff" xml:space="preserve">
          <value>Tiff</value>
        </data>
        <data name="SmoothingMode-DisplayName" xml:space="preserve">
          <value>Smoothing mode</value>
        </data>
        <data name="SmoothingMode-Description" xml:space="preserve">
          <value>Specifies whether smoothing (antialiasing) is applied to lines and curves and the edges of filled areas.</value>
        </data>
        <data name="SmoothingMode-AntiAlias" xml:space="preserve">
          <value>AntiAlias</value>
        </data>
        <data name="SmoothingMode-Default" xml:space="preserve">
          <value>Default</value>
        </data>
        <data name="SmoothingMode-HighQuality" xml:space="preserve">
          <value>High Quality</value>
        </data>
        <data name="SmoothingMode-HighSpeed" xml:space="preserve">
          <value>High Speed</value>
        </data>
        <data name="SmoothingMode-Invalid" xml:space="preserve">
          <value>Invalid</value>
        </data>
        <data name="SmoothingMode-None" xml:space="preserve">
          <value>None</value>
        </data>
        <data name="InterpolationMode-DisplayName" xml:space="preserve">
          <value>Interpolation mode</value>
        </data>
        <data name="InterpolationMode-Description" xml:space="preserve">
          <value>Specifies the algorithm that is used when images are scaled or rotated.</value>
        </data>
        <data name="InterpolationMode-Invalid" xml:space="preserve">
          <value>Invalid</value>
        </data>
        <data name="InterpolationMode-Default" xml:space="preserve">
          <value>Default</value>
        </data>
        <data name="InterpolationMode-Low" xml:space="preserve">
          <value>Low</value>
        </data>
        <data name="InterpolationMode-High" xml:space="preserve">
          <value>High</value>
        </data>
        <data name="InterpolationMode-Bilinear" xml:space="preserve">
          <value>Bilinear</value>
        </data>
        <data name="InterpolationMode-Bicubic" xml:space="preserve">
          <value>Bicubic</value>
        </data>
        <data name="InterpolationMode-NearestNeighbor" xml:space="preserve">
          <value>Nearest Neighbor</value>
        </data>
        <data name="InterpolationMode-HighQualityBilinear" xml:space="preserve">
          <value>High Quality Bilinear</value>
        </data>
        <data name="InterpolationMode-HighQualityBicubic" xml:space="preserve">
          <value>High Quality Bicubic</value>
        </data>
        <data name="PixelOffsetMode-DisplayName" xml:space="preserve">
          <value>Pixel offset mode</value>
        </data>
        <data name="PixelOffsetMode-Description" xml:space="preserve">
          <value>Specifies how pixels are offset during rendering.</value>
        </data>
        <data name="PixelOffsetMode-Invalid" xml:space="preserve">
          <value>Invalid</value>
        </data>
        <data name="PixelOffsetMode-Default" xml:space="preserve">
          <value>Default</value>
        </data>
        <data name="PixelOffsetMode-HighSpeed" xml:space="preserve">
          <value>High Speed</value>
        </data>
        <data name="PixelOffsetMode-HighQuality" xml:space="preserve">
          <value>High Quality</value>
        </data>
        <data name="PixelOffsetMode-None" xml:space="preserve">
          <value>None</value>
        </data>
        <data name="PixelOffsetMode-Half" xml:space="preserve">
          <value>Half</value>
        </data>
        <data name="CropHAlign-DisplayName" xml:space="preserve">
          <value>Crop horizontal align</value>
        </data>
        <data name="CropHAlign-Description" xml:space="preserve">
          <value></value>
        </data>
        <data name="CropHAlign-Left" xml:space="preserve">
          <value>Left</value>
        </data>
        <data name="CropHAlign-Center" xml:space="preserve">
          <value>Center</value>
        </data>
        <data name="CropHAlign-Right" xml:space="preserve">
          <value>Right</value>
        </data>
        <data name="CropVAlign-DisplayName" xml:space="preserve">
          <value>Crop vertical align</value>
        </data>
        <data name="CropVAlign-Description" xml:space="preserve">
          <value></value>
        </data>
        <data name="CropVAlign-Top" xml:space="preserve">
          <value>Top</value>
        </data>
        <data name="CropVAlign-Center" xml:space="preserve">
          <value>Center</value>
        </data>
        <data name="CropVAlign-Bottom" xml:space="preserve">
          <value>Bottom</value>
        </data>
      </Language>
      <Language cultureName="hu">
        <data name="DisplayName" xml:space="preserve">
          <value>Képméretező alkalmazás</value>
        </data>
        <data name="Description" xml:space="preserve">
          <value>Képek dinamikus átméretezésére és cachelésére.</value>
        </data>
        <data name="ResizeTypeMode-DisplayName" xml:space="preserve">
          <value>Típus</value>
        </data>
        <data name="ResizeTypeMode-Description" xml:space="preserve">
          <value></value>
        </data>
        <data name="ResizeTypeMode-Resize" xml:space="preserve">
          <value>Átméretezés</value>
        </data>
        <data name="ResizeTypeMode-Crop" xml:space="preserve">
          <value>Kivágás</value>
        </data>
        <data name="ImageType-DisplayName" xml:space="preserve">
          <value>Képtípus</value>
        </data>
        <data name="ImageType-Description" xml:space="preserve">
          <value>Kép tárolásának módja szerinti típus.</value>
        </data>
        <data name="ImageType-Binary" xml:space="preserve">
          <value>Bináris</value>
        </data>
        <data name="ImageType-Reference" xml:space="preserve">
          <value>Referencia</value>
        </data>
        <data name="ImageType-ImageData" xml:space="preserve">
          <value>Kép mező</value>
        </data>
        <data name="ImageType-Attachment" xml:space="preserve">
          <value>Csatolmány</value>
        </data>
        <data name="ImageFieldName-DisplayName" xml:space="preserve">
          <value>Kép mező neve</value>
        </data>
        <data name="ImageFieldName-Description" xml:space="preserve">
          <value>A tartalom képet tároló mezőjének neve.</value>
        </data>
        <data name="Width-DisplayName" xml:space="preserve">
          <value>Szélesség</value>
        </data>
        <data name="Width-Description" xml:space="preserve">
          <value>A kép szélessége.</value>
        </data>
        <data name="Height-DisplayName" xml:space="preserve">
          <value>Magasság</value>
        </data>
        <data name="Height-Description" xml:space="preserve">
          <value>A kép magassága.</value>
        </data>
        <data name="Stretch-DisplayName" xml:space="preserve">
          <value>Nyújtás</value>
        </data>
        <data name="Stretch-Description" xml:space="preserve">
          <value>Engedélyezi a nyújtást, vagy meghagyja az eredeti magasság-szélesség arányt.</value>
        </data>
        <data name="OutputFormat-DisplayName" xml:space="preserve">
          <value>Kimenet formátuma</value>
        </data>
        <data name="OutputFormat-Description" xml:space="preserve">
          <value>Válassza ki, mi legyen az átalakított kép formátuma. Állítsa 'AUTO'-ra az eredeti formátum megtartásához.</value>
        </data>
        <data name="OutputFormat-Auto" xml:space="preserve">
          <value>Automatikus</value>
        </data>
        <data name="OutputFormat-Jpeg" xml:space="preserve">
          <value>Jpeg</value>
        </data>
        <data name="OutputFormat-Png" xml:space="preserve">
          <value>Png</value>
        </data>
        <data name="OutputFormat-Gif" xml:space="preserve">
          <value>Gif</value>
        </data>
        <data name="OutputFormat-Icon" xml:space="preserve">
          <value>Icon</value>
        </data>
        <data name="OutputFormat-Tiff" xml:space="preserve">
          <value>Tiff</value>
        </data>
        <data name="SmoothingMode-DisplayName" xml:space="preserve">
          <value>Élsimítás</value>
        </data>
        <data name="SmoothingMode-Description" xml:space="preserve">
          <value>Állítsa be az élsimítás mértékét.</value>
        </data>
        <data name="SmoothingMode-AntiAlias" xml:space="preserve">
          <value>Anti Alias</value>
        </data>
        <data name="SmoothingMode-Default" xml:space="preserve">
          <value>Alapértelmezett</value>
        </data>
        <data name="SmoothingMode-HighQuality" xml:space="preserve">
          <value>Nagy felbontású</value>
        </data>
        <data name="SmoothingMode-HighSpeed" xml:space="preserve">
          <value>Nagy sebességű</value>
        </data>
        <data name="SmoothingMode-Invalid" xml:space="preserve">
          <value>Érvénytelen</value>
        </data>
        <data name="SmoothingMode-None" xml:space="preserve">
          <value>Nincs</value>
        </data>
        <data name="InterpolationMode-DisplayName" xml:space="preserve">
          <value>Interpoláció</value>
        </data>
        <data name="InterpolationMode-Description" xml:space="preserve">
          <value>Meghatározza az algoritmust méretezés és elforgatás esetén.</value>
        </data>
        <data name="InterpolationMode-Invalid" xml:space="preserve">
          <value>Érvénytelen</value>
        </data>
        <data name="InterpolationMode-Default" xml:space="preserve">
          <value>Alapértelmezett</value>
        </data>
        <data name="InterpolationMode-Low" xml:space="preserve">
          <value>Kicsi</value>
        </data>
        <data name="InterpolationMode-High" xml:space="preserve">
          <value>Nagy</value>
        </data>
        <data name="InterpolationMode-Bilinear" xml:space="preserve">
          <value>Bilinear</value>
        </data>
        <data name="InterpolationMode-Bicubic" xml:space="preserve">
          <value>Bicubic</value>
        </data>
        <data name="InterpolationMode-NearestNeighbor" xml:space="preserve">
          <value>NearestNeighbor</value>
        </data>
        <data name="InterpolationMode-HighQualityBilinear" xml:space="preserve">
          <value>HighQualityBilinear</value>
        </data>
        <data name="InterpolationMode-HighQualityBicubic" xml:space="preserve">
          <value>HighQualityBicubic</value>
        </data>
        <data name="PixelOffsetMode-DisplayName" xml:space="preserve">
          <value>Pixel offset mód</value>
        </data>
        <data name="PixelOffsetMode-Description" xml:space="preserve">
          <value>Meghatározza a pixel offset módot a renderelés alatt.</value>
        </data>
        <data name="PixelOffsetMode-Invalid" xml:space="preserve">
          <value>Érvénytelen</value>
        </data>
        <data name="PixelOffsetMode-Default" xml:space="preserve">
          <value>Alapértelmezett</value>
        </data>
        <data name="PixelOffsetMode-HighSpeed" xml:space="preserve">
          <value>Nagy sebességű</value>
        </data>
        <data name="PixelOffsetMode-HighQuality" xml:space="preserve">
          <value>Nagy felbontású</value>
        </data>
        <data name="PixelOffsetMode-None" xml:space="preserve">
          <value>Nincs</value>
        </data>
        <data name="PixelOffsetMode-Half" xml:space="preserve">
          <value>Felező</value>
        </data>
        <data name="CropHAlign-DisplayName" xml:space="preserve">
          <value>Kivágás vízszintes helye</value>
        </data>
        <data name="CropHAlign-Description" xml:space="preserve">
          <value></value>
        </data>
        <data name="CropHAlign-Left" xml:space="preserve">
          <value>Bal</value>
        </data>
        <data name="CropHAlign-Center" xml:space="preserve">
          <value>Közép</value>
        </data>
        <data name="CropHAlign-Right" xml:space="preserve">
          <value>Jobb</value>
        </data>
        <data name="CropVAlign-DisplayName" xml:space="preserve">
          <value>Kivágás függőleges helye</value>
        </data>
        <data name="CropVAlign-Description" xml:space="preserve">
          <value></value>
        </data>
        <data name="CropVAlign-Top" xml:space="preserve">
          <value>Fent</value>
        </data>
        <data name="CropVAlign-Center" xml:space="preserve">
          <value>Középen</value>
        </data>
        <data name="CropVAlign-Bottom" xml:space="preserve">
          <value>Lent</value>
        </data>
      </Language>
    </Languages>
  </ResourceClass>
  <ResourceClass name="Ctd-IndexingSettings">
    <Languages>
      <Language cultureName="en">
        <data name="DisplayName" xml:space="preserve">
          <value>Indexing settings</value>
        </data>
        <data name="Description" xml:space="preserve">
          <value></value>
        </data>
        <data name="TextExtractorInstances-DisplayName" xml:space="preserve">
          <value>Text extractor instances</value>
        </data>
        <data name="TextExtractorInstances-Description" xml:space="preserve">
          <value>Dynamically generated text extractor instance collection.</value>
        </data>
      </Language>
      <Language cultureName="hu">
        <data name="DisplayName" xml:space="preserve">
          <value>Indexelés beállítások</value>
        </data>
        <data name="Description" xml:space="preserve">
          <value></value>
        </data>
        <data name="TextExtractorInstances-DisplayName" xml:space="preserve">
          <value>Text extraktor példányok</value>
        </data>
        <data name="TextExtractorInstances-Description" xml:space="preserve">
          <value>Dinamikusan generált text extraktor lista.</value>
        </data>
      </Language>
    </Languages>
  </ResourceClass>
  <ResourceClass name="Ctd-ItemList">
    <Languages>
      <Language cultureName="en">
        <data name="DisplayName" xml:space="preserve">
          <value>ItemList</value>
        </data>
        <data name="Description" xml:space="preserve">
          <value>Base type for item lists. Choose a type inheriting from this to create list of items.</value>
        </data>
        <data name="ItemListInheritableVersioningMode-Description" xml:space="preserve">
          <value>Specify whether the system should create a new version whenever you create or modify a content under this list.</value>
        </data>
        <data name="ItemListInheritableApprovingMode-Description" xml:space="preserve">
          <value>Specify whether new or changed content under this list should remain draft until approved.</value>
        </data>
      </Language>
      <Language cultureName="hu">
        <data name="DisplayName" xml:space="preserve">
          <value>Lista</value>
        </data>
        <data name="Description" xml:space="preserve">
          <value>Alap listatípus, speciális listatípusok őse.</value>
        </data>
        <data name="ItemListInheritableVersioningMode-Description" xml:space="preserve">
          <value>Adja meg, hogy rendszer hozzon-e létre új verziót minden egyes alkalommal, ha valaki módosít egy tartalmat a lista alatt.</value>
        </data>
        <data name="ItemListInheritableApprovingMode-Description" xml:space="preserve">
          <value>Adja meg, hogy az új vagy módosított tartalmakat a lista alatt jóvá kell-e hagyni, mielőtt megjelennek publikusan.</value>
        </data>
      </Language>
    </Languages>
  </ResourceClass>
</Resources>
