﻿<?xml version="1.0" encoding="utf-8"?>
<ContentType name="Application" parentType="GenericContent" handler="SenseNet.ApplicationModel.Application" xmlns="http://schemas.sensenet.com/SenseNet/ContentRepository/ContentTypeDefinition">
  <DisplayName>$Ctd-Application,DisplayName</DisplayName>
  <Description>$Ctd-Application,Description</Description>
  <Icon>Application</Icon>
  <Fields>
    <Field name="Name" type="ShortText">
      <Configuration>
        <VisibleBrowse>Show</VisibleBrowse>
        <VisibleEdit>Show</VisibleEdit>
        <VisibleNew>Show</VisibleNew>
      </Configuration>
    </Field>
    <Field name="AppName" type="ShortText">
      <DisplayName>$Ctd-Application,AppName-DisplayName</DisplayName>
      <Configuration>
        <ReadOnly>true</ReadOnly>
        <VisibleBrowse>Hide</VisibleBrowse>
        <VisibleEdit>Hide</VisibleEdit>
        <VisibleNew>Hide</VisibleNew>
      </Configuration>
    </Field>
    <Field name="DisplayName" type="ShortText">
      <Configuration>
        <VisibleBrowse>Show</VisibleBrowse>
        <VisibleEdit>Show</VisibleEdit>
        <VisibleNew>Show</VisibleNew>
      </Configuration>
    </Field>
    <Field name="Description" type="LongText">
      <Configuration>
        <VisibleBrowse>Show</VisibleBrowse>
        <VisibleEdit>Show</VisibleEdit>
        <VisibleNew>Show</VisibleNew>
      </Configuration>
    </Field>
    <Field name="Scenario" type="ShortText">
      <DisplayName>$Ctd-Application,Scenario-DisplayName</DisplayName>
      <Description>$Ctd-Application,Scenario-Description</Description>
    </Field>
    <Field name="ActionTypeName" type="ShortText">
      <DisplayName>$Ctd-Application,ActionTypeName-DisplayName</DisplayName>
      <Description>$Ctd-Application,ActionTypeName-Description</Description>
      <Configuration>
        <VisibleBrowse>Advanced</VisibleBrowse>
        <VisibleEdit>Advanced</VisibleEdit>
        <VisibleNew>Advanced</VisibleNew>
      </Configuration>
    </Field>
    <Field name="IsModal" type="Boolean">
      <DisplayName>$Ctd-Application,ModalAction-DisplayName</DisplayName>
      <Description>$Ctd-Application,ModalAction-Description</Description>
      <Configuration>
        <VisibleBrowse>Advanced</VisibleBrowse>
        <VisibleEdit>Advanced</VisibleEdit>
        <VisibleNew>Advanced</VisibleNew>
      </Configuration>
    </Field>
    <Field name="Disabled" type="Boolean">
      <DisplayName>$Ctd-Application,Disabled-DisplayName</DisplayName>
      <Description>$Ctd-Application,Disabled-Description</Description>
      <Configuration>
        <VisibleBrowse>Advanced</VisibleBrowse>
        <VisibleEdit>Advanced</VisibleEdit>
        <VisibleNew>Advanced</VisibleNew>
      </Configuration>
    </Field>
    <Field name="Clear" type="Boolean">
      <DisplayName>$Ctd-Application,Clear-DisplayName</DisplayName>
      <Description>$Ctd-Application,Clear-Description</Description>
      <Configuration>
        <VisibleBrowse>Advanced</VisibleBrowse>
        <VisibleEdit>Advanced</VisibleEdit>
        <VisibleNew>Advanced</VisibleNew>
      </Configuration>
    </Field>
    <Field name="Icon" type="ShortText">
      <DisplayName>$Ctd-Application,IconIdentifier-DisplayName</DisplayName>
      <Description>$Ctd-Application,IconIdentifier-Description</Description>
      <Configuration>
        <VisibleBrowse>Show</VisibleBrowse>
        <VisibleEdit>Show</VisibleEdit>
        <VisibleNew>Show</VisibleNew>
        <ReadOnly>false</ReadOnly>
      </Configuration>
    </Field>
    <Field name="StyleHint" type="ShortText">
      <DisplayName>$Ctd-Application,StyleHint-DisplayName</DisplayName>
      <Description>$Ctd-Application,StyleHint-Description</Description>
      <Configuration>
        <VisibleBrowse>Advanced</VisibleBrowse>
        <VisibleEdit>Advanced</VisibleEdit>
        <VisibleNew>Advanced</VisibleNew>
      </Configuration>
    </Field>
    <Field name="RequiredPermissions" type="PermissionChoice">
      <DisplayName>$Ctd-Application,RequiredPermissions-DisplayName</DisplayName>
      <Description>$Ctd-Application,RequiredPermissions-Description</Description>
      <Configuration>
        <AllowMultiple>true</AllowMultiple>
        <VisibleBrowse>Advanced</VisibleBrowse>
        <VisibleEdit>Advanced</VisibleEdit>
        <VisibleNew>Advanced</VisibleNew>
        <VisiblePermissionCount>19</VisiblePermissionCount>
      </Configuration>
    </Field>
    <Field name="DeepPermissionCheck" type="Boolean">
      <DisplayName>$Ctd-Application,DeepPermissionCheck-DisplayName</DisplayName>
      <Description>$Ctd-Application,DeepPermissionCheck-Description</Description>
      <Configuration>
        <DefaultValue>false</DefaultValue>
        <VisibleBrowse>Advanced</VisibleBrowse>
        <VisibleEdit>Advanced</VisibleEdit>
        <VisibleNew>Advanced</VisibleNew>
      </Configuration>
    </Field>
    <Field name="IncludeBackUrl" type="Choice">
      <DisplayName>$Ctd-Application,IncludeBackUrl-DisplayName</DisplayName>
      <Description>$Ctd-Application,IncludeBackUrl-Description</Description>
      <Configuration>
        <VisibleBrowse>Hide</VisibleBrowse>
        <VisibleEdit>Advanced</VisibleEdit>
        <VisibleNew>Advanced</VisibleNew>
        <AllowMultiple>false</AllowMultiple>
        <AllowExtraValue>false</AllowExtraValue>
        <Options>
          <Enum type="SenseNet.ApplicationModel.IncludeBackUrlMode"/>
        </Options>
      </Configuration>
    </Field>
    <Field name="CacheControl" type="Choice">
      <DisplayName>$Ctd-Application,CacheControl-DisplayName</DisplayName>
      <Description>$Ctd-Application,CacheControl-Description</Description>
      <Configuration>
        <VisibleBrowse>Advanced</VisibleBrowse>
        <VisibleEdit>Advanced</VisibleEdit>
        <VisibleNew>Advanced</VisibleNew>
        <AllowMultiple>false</AllowMultiple>
        <AllowExtraValue>false</AllowExtraValue>
        <Options>
          <Option value="Nondefined">$Ctd-Application,CacheControl-Nondefined</Option>
          <Option value="NoCache">$Ctd-Application,CacheControl-NoCache</Option>
          <Option value="Private">$Ctd-Application,CacheControl-Private</Option>
          <Option value="Public">$Ctd-Application,CacheControl-Public</Option>
          <Option value="Server">$Ctd-Application,CacheControl-Server</Option>
          <Option value="ServerAndNoCache">$Ctd-Application,CacheControl-ServerAndNoCache</Option>
          <Option value="ServerAndPrivate">$Ctd-Application,CacheControl-ServerAndPrivate</Option>
        </Options>
        <DefaultValue>Nondefined</DefaultValue>
      </Configuration>
    </Field>
    <Field name="MaxAge" type="ShortText">
      <DisplayName>$Ctd-Application,MaxAge-DisplayName</DisplayName>
      <Description>$Ctd-Application,MaxAge-Description</Description>
      <Configuration>
        <VisibleBrowse>Advanced</VisibleBrowse>
        <VisibleEdit>Advanced</VisibleEdit>
        <VisibleNew>Advanced</VisibleNew>
      </Configuration>
    </Field>
    <Field name="CustomUrlParameters" type="ShortText">
      <DisplayName>$Ctd-Application,CustomUrlParameters-DisplayName</DisplayName>
      <Description>$Ctd-Application,CustomUrlParameters-Description</Description>
      <Configuration>
        <VisibleBrowse>Show</VisibleBrowse>
        <VisibleEdit>Advanced</VisibleEdit>
        <VisibleNew>Advanced</VisibleNew>
      </Configuration>
    </Field>
  </Fields>
</ContentType>
