<?xml version="1.0" encoding="utf-8"?>
<ContentType name="SharingGroup" parentType="Group" handler="SenseNet.ContentRepository.Group" xmlns="http://schemas.sensenet.com/SenseNet/ContentRepository/ContentTypeDefinition">
  <DisplayName>SharingGroup</DisplayName>
  <Icon>Group</Icon>
  <Fields>
    <Field name="SharingIds" type="LongText">
      <Indexing>
        <Analyzer>Standard</Analyzer>
      </Indexing>
      <Configuration>
        <VisibleBrowse>Hide</VisibleBrowse>
        <VisibleEdit>Hide</VisibleEdit>
        <VisibleNew>Hide</VisibleNew>
      </Configuration>
    </Field>
    <Field name="SharingLevelValue" type="ShortText">
      <Configuration>
        <VisibleBrowse>Hide</VisibleBrowse>
        <VisibleEdit>Hide</VisibleEdit>
        <VisibleNew>Hide</VisibleNew>
      </Configuration>
    </Field>
    <Field name="SharedContent" type="Reference">
      <Configuration>
        <AllowMultiple>false</AllowMultiple>
        <VisibleBrowse>Hide</VisibleBrowse>
        <VisibleEdit>Hide</VisibleEdit>
        <VisibleNew>Hide</VisibleNew>
      </Configuration>
    </Field>
  </Fields>
</ContentType>