﻿<?xml version="1.0" encoding="utf-8"?>
<Resources>
  <ResourceClass name="Ctd-GenericContent">
    <Languages>
      <Language cultureName="en">
        <data name="CoverImage" xml:space="preserve">
          <value>Cover image</value>
        </data>
        <data name="DisplayName" xml:space="preserve">
          <value>Content</value>
        </data>
        <data name="Description" xml:space="preserve">
          <value>This type is the base content type of the Sense/Net ECMS.</value>
        </data>
        <data name="Id-DisplayName" xml:space="preserve">
          <value>Id</value>
        </data>
        <data name="Id-Description" xml:space="preserve">
          <value>Unique Id for the content.</value>
        </data>
		    <data name="OwnerId-DisplayName" xml:space="preserve">
          <value>Owner Id</value>
        </data>
        <data name="OwnerId-Description" xml:space="preserve">
          <value>Id of the owner.</value>
        </data>
        <data name="Owner-DisplayName" xml:space="preserve">
          <value>Owner</value>
        </data>
        <data name="Owner-Description" xml:space="preserve">
          <value>Content owner.</value>
        </data>
        <data name="ParentId-DisplayName" xml:space="preserve">
          <value>Parent Id</value>
        </data>
        <data name="ParentId-Description" xml:space="preserve">
          <value>Id of the parent content.</value>
        </data>
        <data name="VersionId-DisplayName" xml:space="preserve">
          <value>Version Id</value>
        </data>
        <data name="VersionId-Description" xml:space="preserve">
          <value>Database row Id of current version.</value>
        </data>
        <data name="Type-DisplayName" xml:space="preserve">
          <value>Content Type Name</value>
        </data>
        <data name="Type-Description" xml:space="preserve">
          <value>Content type of the node in the repository.</value>
        </data>
        <data name="TypeIs-DisplayName" xml:space="preserve">
          <value>Ancestor Content Type Names</value>
        </data>
        <data name="TypeIs-Description" xml:space="preserve">
          <value>Ancestor content types of the node in the repository.</value>
        </data>
        <data name="Name-DisplayName" xml:space="preserve">
          <value>Name</value>
        </data>
        <data name="Name-Description" xml:space="preserve">
          <value>Specify a name that will appear in the address bar of the browser.</value>
        </data>
        <data name="CreatedById-DisplayName" xml:space="preserve">
          <value>Created By (Id)</value>
        </data>
        <data name="CreatedById-Description" xml:space="preserve">
          <value>Id of creator.</value>
        </data>
        <data name="ModifiedById-DisplayName" xml:space="preserve">
          <value>Last Modified By (Id)</value>
        </data>
        <data name="ModifiedById-Description" xml:space="preserve">
          <value>Id of last modifier.</value>
        </data>
        <data name="Version-DisplayName" xml:space="preserve">
          <value>Version</value>
        </data>
        <data name="Version-Description" xml:space="preserve">
          <value>Version number.</value>
        </data>
        <data name="Path-DisplayName" xml:space="preserve">
          <value>Path</value>
        </data>
        <data name="Path-Description" xml:space="preserve">
          <value>Content path in the repository.</value>
        </data>
        <data name="Depth-DisplayName" xml:space="preserve">
          <value>Tree Depth</value>
        </data>
        <data name="Depth-Description" xml:space="preserve">
          <value>Content level in the tree. Root level is 0.</value>
        </data>
        <data name="InTree-DisplayName" xml:space="preserve">
          <value>Ancestors</value>
        </data>
        <data name="InTree-Description" xml:space="preserve">
          <value>Ancestor paths.</value>
        </data>
        <data name="InFolder-DisplayName" xml:space="preserve">
          <value>Parent Path</value>
        </data>
        <data name="InFolder-Description" xml:space="preserve">
          <value>Parent path of the content.</value>
        </data>
        <data name="IsSystemContent-DisplayName" xml:space="preserve">
          <value>System Content</value>
        </data>
        <data name="IsSystemContent-Description" xml:space="preserve">
          <value>This field is true if content is in a system folder/trash or the content is a system folder/file.</value>
        </data>
        <data name="IsFolder-DisplayName" xml:space="preserve">
          <value>Folder</value>
        </data>
        <data name="IsFolder-Description" xml:space="preserve">
          <value>This field is true if content can contain other content.</value>
        </data>
        <data name="DisplayName-DisplayName" xml:space="preserve">
          <value>Display Name</value>
        </data>
        <data name="DisplayName-Description" xml:space="preserve">
          <value>Content name. You can set any name you prefer without any restrictions.</value>
        </data>
        <data name="Description-DisplayName" xml:space="preserve">
          <value>Description</value>
        </data>
        <data name="Description-Description" xml:space="preserve">
          <value>Description of the content.</value>
        </data>
        <data name="Hidden-DisplayName" xml:space="preserve">
          <value>Hidden</value>
        </data>
        <data name="Hidden-Description" xml:space="preserve">
          <value>If checked, content will not show up in navigation.</value>
        </data>
        <data name="Index-DisplayName" xml:space="preserve">
          <value>Index</value>
        </data>
        <data name="Index-Description" xml:space="preserve">
          <value>Content order in navigation. Numbers closer to 0 will appear first.</value>
        </data>
        <data name="EnableLifespan-DisplayName" xml:space="preserve">
          <value>Enable Lifespan</value>
        </data>
        <data name="EnableLifespan-Description" xml:space="preserve">
          <value>Specify whether you want to define starting and end date for the validity of this content.</value>
        </data>
        <data name="ValidFrom-DisplayName" xml:space="preserve">
          <value>Valid From</value>
        </data>
        <data name="ValidFrom-Description" xml:space="preserve">
          <value>This content will appear on the date you set if lifespan handling is enabled for this content.</value>
        </data>
        <data name="ValidTill-DisplayName" xml:space="preserve">
          <value>Valid Till</value>
        </data>
        <data name="ValidTill-Description" xml:space="preserve">
          <value>This content will disappear on the date you set if lifespan handling is enabled for this content.</value>
        </data>
        <data name="AllowedChildTypes-DisplayName" xml:space="preserve">
          <value>Allowed child types</value>
        </data>
        <data name="AllowedChildTypes-Description" xml:space="preserve">
          <value>You can get and set which content types are explicitly allowed to be created under this content. It is a local setting.</value>
        </data>
        <data name="EffectiveAllowedChildTypes-DisplayName" xml:space="preserve">
          <value>Effective allowed child types</value>
        </data>
        <data name="EffectiveAllowedChildTypes-Description" xml:space="preserve">
          <value>You can get which content types are effective allowed to be created under this content. If there is no local setting, the global setting takes effect.</value>
        </data>
        <data name="VersioningMode-DisplayName" xml:space="preserve">
          <value>Versioning Mode For Current Content</value>
        </data>
        <data name="VersioningMode-Description" xml:space="preserve">
          <value>It shows the versioning mode of the current content.</value>
        </data>
        <data name="VersioningMode-0" xml:space="preserve">
          <value>Inherited</value>
        </data>
        <data name="VersioningMode-1" xml:space="preserve">
          <value>None</value>
        </data>
        <data name="VersioningMode-2" xml:space="preserve">
          <value>Major only</value>
        </data>
        <data name="VersioningMode-3" xml:space="preserve">
          <value>Major and minor</value>
        </data>
        <data name="InheritableVersioningMode-DisplayName" xml:space="preserve">
          <value>Version history</value>
        </data>
        <data name="InheritableVersioningMode-Description" xml:space="preserve">
          <value>Specify whether the system should create a new version whenever you create or modify a content below this content.</value>
        </data>
        <data name="InheritableVersioningMode-0" xml:space="preserve">
          <value>Inherited</value>
        </data>
        <data name="InheritableVersioningMode-1" xml:space="preserve">
          <value>None</value>
        </data>
        <data name="InheritableVersioningMode-2" xml:space="preserve">
          <value>Major only</value>
        </data>
        <data name="InheritableVersioningMode-2-Example" xml:space="preserve">
          <value><i> (Example: 1, 2, 3, 4)</i></value>
        </data>
        <data name="InheritableVersioningMode-3" xml:space="preserve">
          <value>Major and minor</value>
        </data>
        <data name="InheritableVersioningMode-3-Example" xml:space="preserve">
          <value><i> (Example: 1.0, 1.1, 1.2, 2.0)</i></value>
        </data>
        <data name="VersioningModeChoiceInfo" xml:space="preserve">
          <value>Create a version each time you edit a file in this container?</value>
        </data>
        <data name="CreatedBy-DisplayName" xml:space="preserve">
          <value>Created by</value>
        </data>
        <data name="CreatedBy-Description" xml:space="preserve">
          <value>Content creator.</value>
        </data>
        <data name="CreationDate-DisplayName" xml:space="preserve">
          <value>Creation date</value>
        </data>
        <data name="CreationDate-Description" xml:space="preserve">
          <value>Content creation date.</value>
        </data>
        <data name="ModifiedBy-DisplayName" xml:space="preserve">
          <value>Modified By</value>
        </data>
        <data name="ModifiedBy-Description" xml:space="preserve">
          <value>Content was last modified by this user.</value>
        </data>
        <data name="ModificationDate-DisplayName" xml:space="preserve">
          <value>Modification Date</value>
        </data>
        <data name="ModificationDate-Description" xml:space="preserve">
          <value>Content was last modified on this date.</value>
        </data>
        <data name="VersionCreatedBy-DisplayName" xml:space="preserve">
          <value>Version created by</value>
        </data>
        <data name="VersionCreatedBy-Description" xml:space="preserve">
          <value>Version creator.</value>
        </data>
        <data name="VersionCreationDate-DisplayName" xml:space="preserve">
          <value>Version creation date</value>
        </data>
        <data name="VersionCreationDate-Description" xml:space="preserve">
          <value>Version creation date.</value>
        </data>
        <data name="VersionModifiedBy-DisplayName" xml:space="preserve">
          <value>Version modified by</value>
        </data>
        <data name="VersionModifiedBy-Description" xml:space="preserve">
          <value>Version was last modified by this user.</value>
        </data>
        <data name="VersionModificationDate-DisplayName" xml:space="preserve">
          <value>Version modification date</value>
        </data>
        <data name="VersionModificationDate-Description" xml:space="preserve">
          <value>Version was last modified on this date.</value>
        </data>
        <data name="ApprovingMode-DisplayName" xml:space="preserve">
          <value>Content Approval For Current Content</value>
        </data>
        <data name="ApprovingMode-Description" xml:space="preserve">
          <value>It shows the approval mode of the current content.</value>
        </data>
        <data name="ApprovingMode-0" xml:space="preserve">
          <value>Inherited</value>
        </data>
        <data name="ApprovingMode-1" xml:space="preserve">
          <value>Off</value>
        </data>
        <data name="ApprovingMode-2" xml:space="preserve">
          <value>On</value>
        </data>
        <data name="InheritableApprovingMode-DisplayName" xml:space="preserve">
          <value>Content approval</value>
        </data>
        <data name="InheritableApprovingMode-Description" xml:space="preserve">
          <value>Specify whether new or changed content below the current one should remain in a draft state until they have been approved.</value>
        </data>
        <data name="InheritableApprovingMode-0" xml:space="preserve">
          <value>Inherited</value>
        </data>
        <data name="InheritableApprovingMode-1" xml:space="preserve">
          <value>Off</value>
        </data>
        <data name="InheritableApprovingMode-2" xml:space="preserve">
          <value>On</value>
        </data>
        <data name="Locked-DisplayName" xml:space="preserve">
          <value>Locked</value>
        </data>
        <data name="Locked-Description" xml:space="preserve">
          <value>It shows whether the content is checked out or not.</value>
        </data>
        <data name="CheckedOutTo-DisplayName" xml:space="preserve">
          <value>Checked Out To</value>
        </data>
        <data name="CheckedOutTo-Description" xml:space="preserve">
          <value>The user currently locking the content.</value>
        </data>
        <data name="TrashDisabled-DisplayName" xml:space="preserve">
          <value>Disable Trash</value>
        </data>
        <data name="TrashDisabled-Description" xml:space="preserve">
          <value>You can disable trash for this content and its children. If set, you can not restore deleted content.</value>
        </data>
        <data name="SavingState-DisplayName" xml:space="preserve">
          <value>Saving state</value>
        </data>
        <data name="SavingState-Description" xml:space="preserve">
          <value>State of multi-step saving.</value>
        </data>
        <data name="ExtensionData-DisplayName" xml:space="preserve">
          <value>Extension data</value>
        </data>
        <data name="ExtensionData-Description" xml:space="preserve">
          <value>You can set extra data in this field which is useful when extending a content.</value>
        </data>
        <data name="BrowseApplication-DisplayName" xml:space="preserve">
          <value>Reference To Browse Application</value>
        </data>
        <data name="BrowseApplication-Description" xml:space="preserve">
          <value>Set this, if you would like to override the default browse application.</value>
        </data>
        <data name="Approvable-DisplayName" xml:space="preserve">
          <value>Approvable By Current User</value>
        </data>
        <data name="Approvable-Description" xml:space="preserve">
          <value>This fileld is true if the content is in 'pending' state and can be approved by the current user.</value>
        </data>
        <data name="IsTaggable-DisplayName" xml:space="preserve">
          <value>Enable Tagging</value>
        </data>
        <data name="IsTaggable-Description" xml:space="preserve">
          <value>Specify whether you would like to enable tagging capability for this content.</value>
        </data>
        <data name="Tags-DisplayName" xml:space="preserve">
          <value>Tags</value>
        </data>
        <data name="Tags-Description" xml:space="preserve">
          <value>List of tags and creators of them separated by commas.</value>
        </data>
        <data name="IsRateable-DisplayName" xml:space="preserve">
          <value>Enable Rating</value>
        </data>
        <data name="IsRateable-Description" xml:space="preserve">
          <value>Specify whether you would like to enable rating capability for this content.</value>
        </data>
        <data name="RateStr-DisplayName" xml:space="preserve">
          <value>Raw value of rating</value>
        </data>
        <data name="RateStr-Description" xml:space="preserve">
          <value></value>
        </data>
        <data name="RateAvg-DisplayName" xml:space="preserve">
          <value>Average rate</value>
        </data>
        <data name="RateAvg-Description" xml:space="preserve">
          <value>Average rate of the content.</value>
        </data>
        <data name="RateCount-DisplayName" xml:space="preserve">
          <value>Rate count</value>
        </data>
        <data name="RateCount-Description" xml:space="preserve">
          <value>Count of rates.</value>
        </data>
        <data name="Rate-DisplayName" xml:space="preserve">
          <value>Rate</value>
        </data>
        <data name="Rate-Description" xml:space="preserve">
          <value></value>
        </data>
        <data name="Publishable-DisplayName" xml:space="preserve">
          <value>Publishable By Current User</value>
        </data>
        <data name="Publishable-Description" xml:space="preserve">
          <value>This fileld is true if the content can be published by the current user.</value>
        </data>
        <data name="Versions-DisplayName" xml:space="preserve">
          <value>Versions</value>
        </data>
        <data name="Versions-Description" xml:space="preserve">
          <value>Content version history.</value>
        </data>
        <data name="CheckInComments-DisplayName" xml:space="preserve">
          <value>Checkin comments</value>
        </data>
        <data name="CheckInComments-Description" xml:space="preserve">
          <value>Comments for a new version.</value>
        </data>
        <data name="RejectReason-DisplayName" xml:space="preserve">
          <value>Reject reason</value>
        </data>
        <data name="RejectReason-Description" xml:space="preserve">
          <value>The reason why the content was rejected.</value>
        </data>
        <data name="Workspace-DisplayName" xml:space="preserve">
          <value>Workspace</value>
        </data>
        <data name="Workspace-Description" xml:space="preserve">
          <value>The container workspace of the content.</value>
        </data>
        <data name="VersioningApprovingControls-Value" xml:space="preserve">
          <value>Value</value>
        </data>
        <data name="Icon-DisplayName" xml:space="preserve">
          <value>Icon</value>
        </data>
        <data name="Icon-Description" xml:space="preserve">
          <value>Icon</value>
        </data>
        <data name="Aspects-DisplayName" xml:space="preserve">
          <value>Aspects</value>
        </data>
        <data name="Aspects-Description" xml:space="preserve">
          <value>Aspects</value>
        </data>
        <data name="BrowseUrl-DisplayName" xml:space="preserve">
          <value>Browse url</value>
        </data>
        <data name="BrowseUrl-Description" xml:space="preserve">
          <value></value>
        </data>
      </Language>
      <Language cultureName="hu">
        <data name="CoverImage" xml:space="preserve">
          <value>Nyitókép</value>
        </data>
        <data name="DisplayName" xml:space="preserve">
          <value>Tartalom</value>
        </data>
        <data name="Description" xml:space="preserve">
          <value>A Sense/Net ECMS alap tartalomtípusa.</value>
        </data>
        <data name="Id-DisplayName" xml:space="preserve">
          <value>Azonosító</value>
        </data>
        <data name="Id-Description" xml:space="preserve">
          <value>A tartalom egyedi azonosítója.</value>
        </data>
	      <data name="OwnerId-DisplayName" xml:space="preserve">
          <value>Tulajdonos azonosítója</value>
        </data>
        <data name="OwnerId-Description" xml:space="preserve">
          <value>A tulajdonos elem egyedi azonosítója.</value>
        </data>
        <data name="Owner-DisplayName" xml:space="preserve">
          <value>Tulajdonos</value>
        </data>
        <data name="Owner-Description" xml:space="preserve">
          <value>A tulajdonos elem.</value>
        </data>
        <data name="ParentId-DisplayName" xml:space="preserve">
          <value>Szülő azonosítója</value>
        </data>
        <data name="ParentId-Description" xml:space="preserve">
          <value>A szülő elem egyedi azonosítója.</value>
        </data>
        <data name="VersionId-DisplayName" xml:space="preserve">
          <value>Verzió azonosító</value>
        </data>
        <data name="VersionId-Description" xml:space="preserve">
          <value>A tartalom versió egyedi azonosítója.</value>
        </data>
        <data name="Type-DisplayName" xml:space="preserve">
          <value>Tartalomtípus</value>
        </data>
        <data name="Type-Description" xml:space="preserve">
          <value>A tartalom típusa.</value>
        </data>
        <data name="TypeIs-DisplayName" xml:space="preserve">
          <value>Felmenő típusok</value>
        </data>
        <data name="TypeIs-Description" xml:space="preserve">
          <value>A felmenő típusok listája.</value>
        </data>
        <data name="Name-DisplayName" xml:space="preserve">
          <value>Név</value>
        </data>
        <data name="Name-Description" xml:space="preserve">
          <value>Adja meg a nevet, amely a böngésző címsorában (az URL-ben) fog megjelenni.</value>
        </data>
        <data name="CreatedById-DisplayName" xml:space="preserve">
          <value>Létrehozó azonosítója</value>
        </data>
        <data name="CreatedById-Description" xml:space="preserve">
          <value>A létrehozó azonosítója.</value>
        </data>
        <data name="ModifiedById-DisplayName" xml:space="preserve">
          <value>Utolsó módosító azonosítója</value>
        </data>
        <data name="ModifiedById-Description" xml:space="preserve">
          <value>Az utolsó módosító azonosítója.</value>
        </data>
        <data name="Version-DisplayName" xml:space="preserve">
          <value>Verzió</value>
        </data>
        <data name="Version-Description" xml:space="preserve">
          <value>Verziószám.</value>
        </data>
        <data name="Path-DisplayName" xml:space="preserve">
          <value>Útvonal</value>
        </data>
        <data name="Path-Description" xml:space="preserve">
          <value>A tartalom elérési útvonala a rendszerben.</value>
        </data>
        <data name="Depth-DisplayName" xml:space="preserve">
          <value>Mélység</value>
        </data>
        <data name="Depth-Description" xml:space="preserve">
          <value>A tartalom mélysége a gyökérhez képest. A gyökér szintje 0.</value>
        </data>
        <data name="InTree-DisplayName" xml:space="preserve">
          <value>Felmenő tartalmak</value>
        </data>
        <data name="InTree-Description" xml:space="preserve">
          <value>A felmenő tartalmak útvonallistája.</value>
        </data>
        <data name="InFolder-DisplayName" xml:space="preserve">
          <value>Szülő elem elérési útvonala</value>
        </data>
        <data name="InFolder-Description" xml:space="preserve">
          <value></value>
        </data>
        <data name="IsSystemContent-DisplayName" xml:space="preserve">
          <value>Rendszer elem</value>
        </data>
        <data name="IsSystemContent-Description" xml:space="preserve">
          <value>Akkor igaz, ha ez a tartalom egy rendszerelem (pl: kuka). Az összes rendszermappában lévő tartalom ilyen. Ezeket a tartalmakat alapértelmezetten kiszűrik a lekérdezések.</value>
        </data>
        <data name="IsFolder-DisplayName" xml:space="preserve">
          <value>Folder</value>
        </data>
        <data name="IsFolder-Description" xml:space="preserve">
          <value>Akkor igaz, amikor ez a tartalom további tartalmakat képes tárolni.</value>
        </data>
        <data name="DisplayName-DisplayName" xml:space="preserve">
          <value>Olvasható név</value>
        </data>
        <data name="DisplayName-Description" xml:space="preserve">
          <value>A tartalom neve.</value>
        </data>
        <data name="Description-DisplayName" xml:space="preserve">
          <value>Leírás</value>
        </data>
        <data name="Description-Description" xml:space="preserve">
          <value>A tartalom részletes leírása.</value>
        </data>
        <data name="Hidden-DisplayName" xml:space="preserve">
          <value>Rejtett</value>
        </data>
        <data name="Hidden-Description" xml:space="preserve">
          <value>Ha be van pipálva, nem látszik az elem a menüben.</value>
        </data>
        <data name="Index-DisplayName" xml:space="preserve">
          <value>Index</value>
        </data>
        <data name="Index-Description" xml:space="preserve">
          <value>A tartalmak sorrendje navigációs felületeken. A kisebb indexű tartalmak lesznek elöl.</value>
        </data>
        <data name="EnableLifespan-DisplayName" xml:space="preserve">
          <value>Időtartam figyelés</value>
        </data>
        <data name="EnableLifespan-Description" xml:space="preserve">
          <value>Meghatározza, hogy tartalom megjelenésének kezdete és vége szabályozva van-e.</value>
        </data>
        <data name="ValidFrom-DisplayName" xml:space="preserve">
          <value>Érvényesség kezdete</value>
        </data>
        <data name="ValidFrom-Description" xml:space="preserve">
          <value>A tartalom ettől az időtől kezdve lesz látható, amennyiben az időtartam figyelés engedélyezve van.</value>
        </data>
        <data name="ValidTill-DisplayName" xml:space="preserve">
          <value>Érvényesség vége</value>
        </data>
        <data name="ValidTill-Description" xml:space="preserve">
          <value>A tartalom eddig az ideig lesz látható, amennyiben az időtartam figyelés engedélyezve van.</value>
        </data>
        <data name="AllowedChildTypes-DisplayName" xml:space="preserve">
          <value>Engedélyezett Tartalom típusok</value>
        </data>
        <data name="AllowedChildTypes-Description" xml:space="preserve">
          <value>Megadhatja, hogy milyen típusú tartalmakat lehet felvenni a jelenlegi tartalom alá. Ez egy lokális beállítás.</value>
        </data>
        <data name="EffectiveAllowedChildTypes-DisplayName" xml:space="preserve">
          <value>Effektíve engedélyezett tartalom típusok</value>
        </data>
        <data name="EffectiveAllowedChildTypes-Description" xml:space="preserve">
          <value>Megtudhatja, hogy effektíve milyen típusú tartalmakat lehet felvenni a jelenlegi tartalom alá. A lista a lokális beállítás hiányában a globális beállítást adja vissza.</value>
        </data>
        <data name="VersioningMode-DisplayName" xml:space="preserve">
          <value>Aktuális tartalom verziózási módja</value>
        </data>
        <data name="VersioningMode-Description" xml:space="preserve">
          <value>Aktuális tartalom verziózási módja. Nem vonatkozik a gyerekelemekre.</value>
        </data>
        <data name="VersioningMode-0" xml:space="preserve">
          <value>Örökölt</value>
        </data>
        <data name="VersioningMode-1" xml:space="preserve">
          <value>Nincs</value>
        </data>
        <data name="VersioningMode-2" xml:space="preserve">
          <value>Főverziók</value>
        </data>
        <data name="VersioningMode-3" xml:space="preserve">
          <value>Fő- és alverziók</value>
        </data>
        <data name="InheritableVersioningMode-DisplayName" xml:space="preserve">
          <value>Verziózás</value>
        </data>
        <data name="InheritableVersioningMode-Description" xml:space="preserve">
          <value>Adja meg, hogy rendszer hozzon-e létre új verziót minden egyes alkalommal, ha valaki módosít egy tartalmat e tartalom alatt.</value>
        </data>
        <data name="InheritableVersioningMode-0" xml:space="preserve">
          <value>Örökölt</value>
        </data>
        <data name="InheritableVersioningMode-1" xml:space="preserve">
          <value>Nincs</value>
        </data>
        <data name="InheritableVersioningMode-2" xml:space="preserve">
          <value>Főverziók</value>
        </data>
        <data name="InheritableVersioningMode-2-Example" xml:space="preserve">
          <value><i> (Pl.: 1, 2, 3, 4)</i></value>
        </data>
        <data name="InheritableVersioningMode-3" xml:space="preserve">
          <value>Fő- és alverziók</value>
        </data>
        <data name="InheritableVersioningMode-3-Example" xml:space="preserve">
          <value><i> (Pl.: 1.0, 1.1, 1.2, 2.0)</i></value>
        </data>
        <data name="VersioningModeChoiceInfo" xml:space="preserve">
          <value>Jöjjön létre egy új verzió minden alkalommal, amikor egy dokumentumot szerkeszt ez alatt a tartalom alatt?</value>
        </data>
        <data name="CreatedBy-DisplayName" xml:space="preserve">
          <value>Létrehozó</value>
        </data>
        <data name="CreatedBy-Description" xml:space="preserve">
          <value>A tartalom létrehozója.</value>
        </data>
        <data name="CreationDate-DisplayName" xml:space="preserve">
          <value>Létrehozás dátuma</value>
        </data>
        <data name="CreationDate-Description" xml:space="preserve">
          <value>A tartalom létrehozási dátuma.</value>
        </data>
        <data name="ModifiedBy-DisplayName" xml:space="preserve">
          <value>Utolsó módosító</value>
        </data>
        <data name="ModifiedBy-Description" xml:space="preserve">
          <value>A tartalmat utoljára módosította.</value>
        </data>
        <data name="ModificationDate-DisplayName" xml:space="preserve">
          <value>Módosítás dátuma</value>
        </data>
        <data name="ModificationDate-Description" xml:space="preserve">
          <value>Dátum, amikor a tartalom utoljára módosult.</value>
        </data>
        <data name="VersionCreatedBy-DisplayName" xml:space="preserve">
          <value>Létrehozó</value>
        </data>
        <data name="VersionCreatedBy-Description" xml:space="preserve">
          <value>A verzió létrehozója.</value>
        </data>
        <data name="VersionCreationDate-DisplayName" xml:space="preserve">
          <value>Létrehozás dátuma</value>
        </data>
        <data name="VersionCreationDate-Description" xml:space="preserve">
          <value>A verzió létrehozási dátuma.</value>
        </data>
        <data name="VersionModifiedBy-DisplayName" xml:space="preserve">
          <value>Utolsó módosító</value>
        </data>
        <data name="VersionModifiedBy-Description" xml:space="preserve">
          <value>A verziót utoljára módosította.</value>
        </data>
        <data name="VersionModificationDate-DisplayName" xml:space="preserve">
          <value>A verzió módosítás dátuma</value>
        </data>
        <data name="VersionModificationDate-Description" xml:space="preserve">
          <value>A verzió utolsó módosításának dátuma.</value>
        </data>
        <data name="ApprovingMode-DisplayName" xml:space="preserve">
          <value>Jóváhagyási mód</value>
        </data>
        <data name="ApprovingMode-Description" xml:space="preserve">
          <value>A tartalom jóváhagyási módját mutatja.</value>
        </data>
        <data name="ApprovingMode-0" xml:space="preserve">
          <value>Örökölt</value>
        </data>
        <data name="ApprovingMode-1" xml:space="preserve">
          <value>Nincs jóváhagyás</value>
        </data>
        <data name="ApprovingMode-2" xml:space="preserve">
          <value>Van jóváhagyás</value>
        </data>
        <data name="InheritableApprovingMode-DisplayName" xml:space="preserve">
          <value>Tartalom jóváhagyás</value>
        </data>
        <data name="InheritableApprovingMode-Description" xml:space="preserve">
          <value>Adja meg, hogy az új vagy módosított tartalmakat jóvá kell-e hagyni, mielőtt megjelennek publikusan.</value>
        </data>
        <data name="InheritableApprovingMode-0" xml:space="preserve">
          <value>Örökölt</value>
        </data>
        <data name="InheritableApprovingMode-1" xml:space="preserve">
          <value>Nincs jóváhagyás</value>
        </data>
        <data name="InheritableApprovingMode-2" xml:space="preserve">
          <value>Van jóváhagyás</value>
        </data>
        <data name="Locked-DisplayName" xml:space="preserve">
          <value>Zárolt</value>
        </data>
        <data name="Locked-Description" xml:space="preserve">
          <value>A tartalom szerkesztés alatt áll vagy sem.</value>
        </data>
        <data name="CheckedOutTo-DisplayName" xml:space="preserve">
          <value>Szerkeszti</value>
        </data>
        <data name="CheckedOutTo-Description" xml:space="preserve">
          <value>A felhasználó, aki éppen szerkeszti a tartalmat.</value>
        </data>
        <data name="TrashDisabled-DisplayName" xml:space="preserve">
          <value>Kuka kikapcsolása</value>
        </data>
        <data name="TrashDisabled-Description" xml:space="preserve">
          <value>A kukát az adott tartalmon kikapcsolva ő és gyermek elemei azonnal törlődnek törléskor a rendszerből.</value>
        </data>
        <data name="SavingState-DisplayName" xml:space="preserve">
          <value>Mentés állapota</value>
        </data>
        <data name="SavingState-Description" xml:space="preserve">
          <value>A többfázisú mentés állapota.</value>
        </data>
        <data name="ExtensionData-DisplayName" xml:space="preserve">
          <value>Kiegészítő adatok</value>
        </data>
        <data name="ExtensionData-Description" xml:space="preserve">
          <value>Kiegészítő adatok, amelyeket a rendszer a tartalom mellé tárol.</value>
        </data>
        <data name="BrowseApplication-DisplayName" xml:space="preserve">
          <value>Megtekintés alkalmazás</value>
        </data>
        <data name="BrowseApplication-Description" xml:space="preserve">
          <value>Megadható egy alkalmazás a tartalom megtekintésére, amennyiben az eltér az alapértelmezettől.</value>
        </data>
        <data name="Approvable-DisplayName" xml:space="preserve">
          <value>Ön által jóváhagyható</value>
        </data>
        <data name="Approvable-Description" xml:space="preserve">
          <value>Jelzi, hogy az aktuális felhasználó jóváhagyhatja a tartalmat.</value>
        </data>
        <data name="IsTaggable-DisplayName" xml:space="preserve">
          <value>Címkétés engedélyezése</value>
        </data>
        <data name="IsTaggable-Description" xml:space="preserve">
          <value>Engedélyezi vagy tiltja a címkézést.</value>
        </data>
        <data name="Tags-DisplayName" xml:space="preserve">
          <value>Címkék</value>
        </data>
        <data name="Tags-Description" xml:space="preserve">
          <value>Címkék és létrehozójuk listája vesszővel elválasztva.</value>
        </data>
        <data name="IsRateable-DisplayName" xml:space="preserve">
          <value>Értékelés engedélyezése</value>
        </data>
        <data name="IsRateable-Description" xml:space="preserve">
          <value>Engedélyezi vagy tiltja az értékelést.</value>
        </data>
        <data name="RateStr-DisplayName" xml:space="preserve">
          <value>Értékelés adat.</value>
        </data>
        <data name="RateStr-Description" xml:space="preserve">
          <value>Az értékelés nyers adatai.</value>
        </data>
        <data name="RateAvg-DisplayName" xml:space="preserve">
          <value>Értékelés átlag</value>
        </data>
        <data name="RateAvg-Description" xml:space="preserve">
          <value></value>
        </data>
        <data name="RateCount-DisplayName" xml:space="preserve">
          <value>Értékelések száma</value>
        </data>
        <data name="RateCount-Description" xml:space="preserve">
          <value></value>
        </data>
        <data name="Rate-DisplayName" xml:space="preserve">
          <value>Értékelés</value>
        </data>
        <data name="Rate-Description" xml:space="preserve">
          <value></value>
        </data>
        <data name="Publishable-DisplayName" xml:space="preserve">
          <value>Ön által publikálható</value>
        </data>
        <data name="Publishable-Description" xml:space="preserve">
          <value>A tartalom publikálható az aktuális felhasználó által.</value>
        </data>
        <data name="Versions-DisplayName" xml:space="preserve">
          <value>Verziók</value>
        </data>
        <data name="Versions-Description" xml:space="preserve">
          <value>A tartalom verziói.</value>
        </data>
        <data name="CheckInComments-DisplayName" xml:space="preserve">
          <value>Checkin kommentek</value>
        </data>
        <data name="CheckInComments-Description" xml:space="preserve">
          <value>A tartalom visszarakásakor (checkin) beírt kísérő megjegyzések.</value>
        </data>
        <data name="RejectReason-DisplayName" xml:space="preserve">
          <value>Visszautasítás oka</value>
        </data>
        <data name="RejectReason-Description" xml:space="preserve">
          <value>Visszautasításkor beírt kísérő megjegyzés.</value>
        </data>
        <data name="Workspace-DisplayName" xml:space="preserve">
          <value>Munkaterület</value>
        </data>
        <data name="Workspace-Description" xml:space="preserve">
          <value>A tartalom ehhez a munkaterülethez (workspace-hez) tartozik.</value>
        </data>
        <data name="VersioningApprovingControls-Value" xml:space="preserve">
          <value>Örökölt érték</value>
        </data>
        <data name="Icon-DisplayName" xml:space="preserve">
          <value>Ikon</value>
        </data>
        <data name="Icon-Description" xml:space="preserve">
          <value>Ikon</value>
        </data>
        <data name="Aspects-DisplayName" xml:space="preserve">
          <value>Aspektusok</value>
        </data>
        <data name="Aspects-Description" xml:space="preserve">
          <value>Aspektusok</value>
        </data>
        <data name="BrowseUrl-DisplayName" xml:space="preserve">
          <value>Browse url</value>
        </data>
        <data name="BrowseUrl-Description" xml:space="preserve">
          <value></value>
        </data>
      </Language>
    </Languages>
  </ResourceClass>
  <ResourceClass name="Ctd-GenericODataApplication">
    <Languages>
      <Language cultureName="en">
        <data name="DisplayName" xml:space="preserve">
          <value>Generic OData Application</value>
        </data>
        <data name="Description" xml:space="preserve">
          <value>You can call a static method.</value>
        </data>
        <data name="ClassName-DisplayName" xml:space="preserve">
          <value>Class Name</value>
        </data>
        <data name="ClassName-Description" xml:space="preserve">
          <value>Fully qualified name of the class that contains the desired method.</value>
        </data>
        <data name="MethodName-DisplayName" xml:space="preserve">
          <value>Method Name</value>
        </data>
        <data name="MethodName-Description" xml:space="preserve">
          <value>Simple name of the desired method.</value>
        </data>
        <data name="Parameters-DisplayName" xml:space="preserve">
          <value>Parameters</value>
        </data>
        <data name="Parameters-Description" xml:space="preserve">
          <value>Comma separated parameter list. One parameter is two word: type and name. Type is fully qualified except some simple type (e.g. string, int, Content etc.). See documentation.</value>
        </data>
      </Language>
      <Language cultureName="hu">
        <data name="DisplayName" xml:space="preserve">
          <value>Generikus OData Alkalmazás</value>
        </data>
        <data name="Description" xml:space="preserve">
          <value>Statikus metódusokat képes meghívni.</value>
        </data>
        <data name="ClassName-DisplayName" xml:space="preserve">
          <value>Osztálynév</value>
        </data>
        <data name="ClassName-Description" xml:space="preserve">
          <value>Annak az osztálynak a teljes neve, amely a meghívandó metódust tartalmazza.</value>
        </data>
        <data name="MethodName-DisplayName" xml:space="preserve">
          <value>Metódusnév</value>
        </data>
        <data name="MethodName-Description" xml:space="preserve">
          <value>A meghívandó metódus egyszerű neve.</value>
        </data>
        <data name="Parameters-DisplayName" xml:space="preserve">
          <value>Paraméterek</value>
        </data>
        <data name="Parameters-Description" xml:space="preserve">
          <value>Vesszővel elválasztott paraméter lista. Egy paraméter a típusnévből és a paraméternévből áll. A típust néhány kivételtől eltekintve (string, int, Content stb.)
          teljes névvel kell megadni. Továbbiak a dokumentációban.</value>
        </data>
      </Language>
    </Languages>
  </ResourceClass>
  <ResourceClass name="Ctd-Group">
    <Languages>
      <Language cultureName="en">
        <data name="DisplayName" xml:space="preserve">
          <value>Group</value>
        </data>
        <data name="Description" xml:space="preserve">
          <value>You can categorize users and groups into groups according to any criteria.</value>
        </data>
        <data name="Members-DisplayName" xml:space="preserve">
          <value>Members</value>
        </data>
        <data name="Members-Description" xml:space="preserve">
          <value>The members of this group.</value>
        </data>
        <data name="SyncGuid-DisplayName" xml:space="preserve">
          <value>Sync Guid</value>
        </data>
        <data name="SyncGuid-Description" xml:space="preserve">
          <value>GUID of corresponding AD object.</value>
        </data>
        <data name="LastSync-DisplayName" xml:space="preserve">
          <value>Last synchronization</value>
        </data>
        <data name="LastSync-Description" xml:space="preserve">
          <value>Date of last synchronization.</value>
        </data>
      </Language>
      <Language cultureName="hu">
        <data name="DisplayName" xml:space="preserve">
          <value>Csoport</value>
        </data>
        <data name="Description" xml:space="preserve">
          <value>Felhasználók csoportosítására szolgáló gyűjtőegység. Tagjai lehetnek további csoportok is.</value>
        </data>
        <data name="Members-DisplayName" xml:space="preserve">
          <value>Tagok</value>
        </data>
        <data name="Members-Description" xml:space="preserve">
          <value>A csoport tagok referenciái.</value>
        </data>
        <data name="SyncGuid-DisplayName" xml:space="preserve">
          <value>AD azonosító</value>
        </data>
        <data name="SyncGuid-Description" xml:space="preserve">
          <value>A megfelelő AD objeltum egyedi azonosítója (GUID).</value>
        </data>
        <data name="LastSync-DisplayName" xml:space="preserve">
          <value>Utolsó szinkronizálás</value>
        </data>
        <data name="LastSync-Description" xml:space="preserve">
          <value>Utolsó AD szinkronizálás ideje.</value>
        </data>
      </Language>
    </Languages>
  </ResourceClass>
  <ResourceClass name="Ctd-HtmlTemplate">
    <Languages>
      <Language cultureName="en">
        <data name="DisplayName" xml:space="preserve">
          <value>HTML template</value>
        </data>
        <data name="Description" xml:space="preserve">
          <value>HTML file containing a template html fragment for various controls, e.g. action links.</value>
        </data>
        <data name="TemplateText-DisplayName" xml:space="preserve">
          <value>Template text</value>
        </data>
        <data name="TemplateText-Description" xml:space="preserve">
          <value>Shows the contents of the html file as a text.</value>
        </data>
      </Language>
      <Language cultureName="hu">
        <data name="DisplayName" xml:space="preserve">
          <value>HTML sablon</value>
        </data>
        <data name="Description" xml:space="preserve">
          <value>HTML sablon kontrolok (pl. linkek és menük) html-jének definiálására.</value>
        </data>
        <data name="TemplateText-DisplayName" xml:space="preserve">
          <value>Sablon szöveg</value>
        </data>
        <data name="TemplateText-Description" xml:space="preserve">
          <value>Megjeleníti szövegként a html sablon tartalmát.</value>
        </data>
      </Language>
    </Languages>
  </ResourceClass>
  <ResourceClass name="Ctd-HttpHandlerApplication">
    <Languages>
      <Language cultureName="en">
        <data name="DisplayName" xml:space="preserve">
          <value>Http handler Application</value>
        </data>
        <data name="Description" xml:space="preserve">
          <value>Application that works as a http handler.</value>
        </data>
      </Language>
      <Language cultureName="hu">
        <data name="DisplayName" xml:space="preserve">
          <value>Http handler alkalmazás</value>
        </data>
        <data name="Description" xml:space="preserve">
          <value>Http handler-ként funkcionáló alkalmazás.</value>
        </data>
      </Language>
    </Languages>
  </ResourceClass>
  <ResourceClass name="Ctd-HttpStatusApplication">
    <Languages>
      <Language cultureName="en">
        <data name="DisplayName" xml:space="preserve">
          <value>Http status Application</value>
        </data>
        <data name="Description" xml:space="preserve">
          <value>This application allows for request denial or redirection through standard Http status codes.</value>
        </data>
        <data name="StatusCode-DisplayName" xml:space="preserve">
          <value>Http status code</value>
        </data>
        <data name="StatusCode-Description" xml:space="preserve">
          <value>The Http status code to return upon request.</value>
        </data>
        <data name="StatusCode-301" xml:space="preserve">
          <value>301 Moved permanently</value>
        </data>
        <data name="StatusCode-303" xml:space="preserve">
          <value>303 See other</value>
        </data>
        <data name="StatusCode-307" xml:space="preserve">
          <value>307 Temporary redirect</value>
        </data>
        <data name="StatusCode-403" xml:space="preserve">
          <value>403 Forbidden</value>
        </data>
        <data name="StatusCode-404" xml:space="preserve">
          <value>404 Not found</value>
        </data>
        <data name="StatusCode-410" xml:space="preserve">
          <value>410 Gone</value>
        </data>
        <data name="RedirectUrl-DisplayName" xml:space="preserve">
          <value>Redirect Url</value>
        </data>
        <data name="RedirectUrl-Description" xml:space="preserve">
          <value>Redirect to this Url if a redirection status code is returned.</value>
        </data>
      </Language>
      <Language cultureName="hu">
        <data name="DisplayName" xml:space="preserve">
          <value>Http státusz alkalmazás</value>
        </data>
        <data name="Description" xml:space="preserve">
          <value>A szokásos HTTP státusz kódok segítségével megadhat átirányítási vagy tiltási szabályokat.</value>
        </data>
        <data name="StatusCode-DisplayName" xml:space="preserve">
          <value>Http státusz kód</value>
        </data>
        <data name="StatusCode-Description" xml:space="preserve">
          <value>Ezt a HTTP státusz kódot fogja visszaadni a rendszer, ha ez az alkalmazás szolgálja ki a kérést.</value>
        </data>
        <data name="StatusCode-301" xml:space="preserve">
          <value>301 Véglegesen elköltözött</value>
        </data>
        <data name="StatusCode-303" xml:space="preserve">
          <value>303 Kapcsolódó tartalom</value>
        </data>
        <data name="StatusCode-307" xml:space="preserve">
          <value>307 Ideiglenesen elköltözött</value>
        </data>
        <data name="StatusCode-403" xml:space="preserve">
          <value>403 Nem engedélyezett</value>
        </data>
        <data name="StatusCode-404" xml:space="preserve">
          <value>404 Nincs ilyen oldal</value>
        </data>
        <data name="StatusCode-410" xml:space="preserve">
          <value>410 Elköltözött</value>
        </data>
        <data name="RedirectUrl-DisplayName" xml:space="preserve">
          <value>Átirányítási cím</value>
        </data>
        <data name="RedirectUrl-Description" xml:space="preserve">
          <value>Amennyiben átírányító HTTP státusz kód van megadva (3xx), ez lesz az átirányítási cím.</value>
        </data>
      </Language>
    </Languages>
  </ResourceClass>
</Resources>
