<?xml version="1.0" encoding="utf-8"?>
<ContentType name="ItemList" parentType="ContentList" handler="SenseNet.ContentRepository.ContentList" xmlns="http://schemas.sensenet.com/SenseNet/ContentRepository/ContentTypeDefinition">
  <DisplayName>$Ctd-ItemList,DisplayName</DisplayName>
  <Description>$Ctd-ItemList,Description</Description>
  <Icon>ContentList</Icon>
  <Fields>
    <Field name="OwnerWhenVisitor" type="Reference">
      <DisplayName>$Ctd-ContentList,OwnerWhenVisitor-DisplayName</DisplayName>
      <Description>$Ctd-ContentList,OwnerWhenVisitor-Description</Description>
      <Configuration>
        <AllowMultiple>false</AllowMultiple>
        <AllowedTypes>
          <Type>User</Type>
        </AllowedTypes>
        <SelectionRoot>
          <Path>/Root/IMS</Path>
        </SelectionRoot>
        <DefaultValue>/Root/IMS/BuiltIn/Portal/Admin</DefaultValue>
        <VisibleBrowse>Advanced</VisibleBrowse>
        <VisibleEdit>Advanced</VisibleEdit>
        <VisibleNew>Advanced</VisibleNew>
      </Configuration>
    </Field>
    <Field name="InheritableVersioningMode" type="InheritableVersioningMode">
      <DisplayName>$Ctd-GenericContent,InheritableVersioningMode-DisplayName</DisplayName>
      <Description>$Ctd-ItemList,ItemListInheritableVersioningMode-Description</Description>
      <Configuration>
        <VisibleBrowse>Hide</VisibleBrowse>
        <VisibleEdit>Show</VisibleEdit>
        <VisibleNew>Show</VisibleNew>
      </Configuration>
    </Field>

    <Field name="InheritableApprovingMode" type="InheritableApprovingMode">
      <DisplayName>$Ctd-GenericContent,InheritableApprovingMode-DisplayName</DisplayName>
      <Description>$Ctd-ItemList,ItemListInheritableApprovingMode-Description</Description>
      <Configuration>
        <VisibleBrowse>Hide</VisibleBrowse>
        <VisibleEdit>Show</VisibleEdit>
        <VisibleNew>Show</VisibleNew>
      </Configuration>
    </Field>
  </Fields>
</ContentType>