﻿<?xml version="1.0" encoding="utf-8"?>
<ContentType name="ApprovalWorkflowTask" parentType="Task" handler="SenseNet.ContentRepository.Task" xmlns="http://schemas.sensenet.com/SenseNet/ContentRepository/ContentTypeDefinition">
  <DisplayName>$Ctd-ApprovalWorkflowTask,DisplayName</DisplayName>
  <Description>$Ctd-ApprovalWorkflowTask,Description</Description>
  <Icon>FormItem</Icon>
  <AllowIncrementalNaming>true</AllowIncrementalNaming>
  <Fields>
    <Field name="Name" type="ShortText">
      <Configuration>
        <VisibleBrowse>Hide</VisibleBrowse>
        <VisibleEdit>Hide</VisibleEdit>
        <VisibleNew>Hide</VisibleNew>
      </Configuration>
    </Field>
    <Field name="Comment" type="ShortText">
      <DisplayName>$Ctd-ApprovalWorkflowTask,Comment-DisplayName</DisplayName>
      <Description>$Ctd-ApprovalWorkflowTask,Comment-Description</Description>
      <Configuration>
        <Compulsory>true</Compulsory>
      </Configuration>
    </Field>
    <Field name="Result" type="Choice">
      <DisplayName>$Ctd-ApprovalWorkflowTask,Result-DisplayName</DisplayName>
      <Description>$Ctd-ApprovalWorkflowTask,Result-Description</Description>
      <Configuration>
        <Options>
          <Option value="yes">$Ctd-ApprovalWorkflowTask,Result-Approved</Option>
          <Option value="no">$Ctd-ApprovalWorkflowTask,Result-Rejected</Option>
        </Options>
      </Configuration>
    </Field>
    <Field name="ContentToApprove" type="Reference">
      <DisplayName>$Ctd-ApprovalWorkflowTask,ContentToApprove-DisplayName</DisplayName>
      <Description>$Ctd-ApprovalWorkflowTask,ContentToApprove-Descriptione</Description>
      <Configuration>
        <AllowMultiple>false</AllowMultiple>
        <ReadOnly>true</ReadOnly>
        <VisibleBrowse>Show</VisibleBrowse>
        <VisibleEdit>Show</VisibleEdit>
        <VisibleNew>Hide</VisibleNew>
      </Configuration>
    </Field>
  </Fields>
</ContentType>