<?xml version="1.0" encoding="utf-8"?>
<ContentType name="ForgottenPasswordWorkflow" parentType="Workflow" handler="SenseNet.Workflow.WorkflowHandlerBase" xmlns="http://schemas.sensenet.com/SenseNet/ContentRepository/ContentTypeDefinition">
  <DisplayName>$Ctd-ForgottenPasswordWorkflow,DisplayName</DisplayName>
  <Description>$Ctd-ForgottenPasswordWorkflow,Description</Description>
  <Icon>workflow</Icon>
  <AllowIncrementalNaming>true</AllowIncrementalNaming>
  <Fields>
    <Field name="EmailForPassword" type="ShortText">
      <DisplayName>$Ctd-ForgottenPasswordWorkflow,Email-DisplayName</DisplayName>
      <Description>$Ctd-ForgottenPasswordWorkflow,Email-Description</Description>
      <Configuration>
        <Compulsory>true</Compulsory>
        <Regex>^[a-zA-Z0-9._%+-]+@(?:[a-zA-Z0-9-]+\.)+[a-zA-Z]{2,4}$</Regex>
        <VisibleBrowse>Show</VisibleBrowse>
        <VisibleEdit>Show</VisibleEdit>
        <VisibleNew>Show</VisibleNew>
      </Configuration>
    </Field>
  </Fields>
</ContentType>