<Package type='Install'>
  <Id>SenseNet.Notification</Id>
  <Description>sensenet Notification</Description>
  <ReleaseDate>2018-06-28</ReleaseDate>
  <Version>7.2.0</Version>
  <Dependencies>
    <Dependency id='SenseNet.Services' minVersion='7.2.0' />
  </Dependencies>
  <Parameters>
    <Parameter name="@userName" description="Username to access the server while installing."></Parameter>
    <Parameter name="@password" description="Password to access the server while installing."></Parameter>
  </Parameters>
  <Steps>
    <Phase>
      <ExecuteDatabaseScript UserName="@userName" Password="@password" Query="scripts\Install_Notification.sql" />

      <StartRepository startWorkflowEngine="false" />
      <Import target="/Root" LogLevel="Verbose" source="import" />
      
      <IfComponentExists>
        <Components>
          <Component id="SenseNet.WebPages" minVersion="7.0.0" />
        </Components>
        <Then>
          <Trace>WebPages component found, importing views and pages...</Trace>
          <Import target="/Root" LogLevel="Verbose" source="import-pages" />

          <!--<IfContentExists path="/Root/Sites/Default_Site">
            <Then>
              <Trace>Importing views and pages under default site...</Trace>
              <Import target="/Root" LogLevel="Verbose" source="import-pages-site" />
            </Then>
          </IfContentExists>-->

        </Then>
        <Else>
          <Trace>WebPages component not found, views and pages are not imported.</Trace>
        </Else>
      </IfComponentExists>
      
    </Phase>
  </Steps>
</Package>